ID,DATOP,FLTID,DEPSTN,ARRSTN,STD,STA,STATUS,AC,target
train_id_1999,6/6/2016,TU 0752 ,TUN,FCO,6/6/2016 8:00,2016-06-06 09.20.00,ATA,TU 31BIMQ,0
train_id_2000,6/6/2016,TU 0856 ,TUN,MXP,6/6/2016 8:00,2016-06-06 09.45.00,ATA,TU 736ION,0
train_id_2001,6/6/2016,TU 0788 ,TUN,BRU,6/6/2016 7:30,2016-06-06 10.05.00,ATA,TU 32AIMI,23
train_id_2002,6/6/2016,TU 0514 ,TUN,BCN,6/6/2016 8:05,2016-06-06 09.50.00,ATA,TU 320IMU,0
train_id_2003,6/6/2016,TU 0473 ,VCE,TUN,6/6/2016 12:00,2016-06-06 13.40.00,ATA,TU 320IMS,38
train_id_2004,6/6/2016,TU 0555 ,SXB,DJE,6/6/2016 10:00,2016-06-06 12.40.00,ATA,TU 32AIMN,0
train_id_2005,6/6/2016,TU 8301 ,FRA,DJE,6/6/2016 9:40,2016-06-06 12.30.00,ATA,TU 736IOR,26
train_id_2006,6/6/2016,TU 0721 ,ORY,TUN,6/6/2016 15:45,2016-06-06 18.10.00,ATA,TU 320IMU,108
train_id_2007,6/6/2016,TU 0607 ,MAD,TUN,6/6/2016 17:25,2016-06-06 19.35.00,ATA,TU 32AIML,13
train_id_2008,6/6/2016,TU 0723 ,ORY,TUN,6/6/2016 17:50,2016-06-06 20.15.00,ATA,TU 32AIMG,14
train_id_2009,6/6/2016,TU 0319 ,LIS,TUN,6/6/2016 18:20,2016-06-06 21.00.00,ATA,TU 736IOL,8
train_id_2010,6/6/2016,TU 0814 ,CAI,TUN,6/6/2016 18:35,2016-06-06 21.50.00,ATA,TU 31BIMO,0
train_id_2011,6/6/2016,TU 0214 ,TUN,IST,6/6/2016 20:00,2016-06-06 22.35.00,ATA,TU 31BIMQ,0
train_id_2012,6/6/2016,TU 0217 ,IST,TUN,6/6/2016 20:10,2016-06-06 22.55.00,ATA,TU 320IMS,4
train_id_2013,6/7/2016,TU 5502 ,MED,TUN,6/7/2016 0:15,2016-06-07 04.55.00,ATA,TU 320IMV,0
train_id_2014,6/7/2016,TU 0714 ,JED,TUN,6/7/2016 0:30,2016-06-07 05.25.00,ATA,TU 320IMR,51
train_id_2015,6/7/2016,TU 0634 ,DJE,TOE,6/7/2016 5:30,2016-06-07 06.15.00,ATA,TU 31AIMK,0
train_id_2016,6/7/2016,TU 0880 ,TUN,AMS,6/7/2016 5:55,2016-06-07 08.45.00,ATA,TU 31BIMO,0
train_id_2017,6/7/2016,TU 0726 ,DJE,MIR,6/7/2016 5:50,2016-06-07 06.35.00,ATA,TU 32AIMN,9
train_id_2018,6/7/2016,TU 0602 ,TUN,ZRH,6/7/2016 6:10,2016-06-07 08.15.00,ATA,TU 736IOR,0
train_id_2019,6/7/2016,TU 7240 ,MIR,PRG,6/7/2016 7:00,2016-06-07 09.40.00,ATA,TU 31AIMJ,0
train_id_2020,6/7/2016,TU 0634 ,TOE,ORY,6/7/2016 7:00,2016-06-07 09.45.00,ATA,TU 31AIMK,0
train_id_2021,6/7/2016,TU 0248 ,TUN,PRG,6/7/2016 7:10,2016-06-07 09.45.00,ATA,TU 32AIMG,0
train_id_2022,6/7/2016,TU 0726 ,MIR,BRU,6/7/2016 7:25,2016-06-07 10.15.00,ATA,TU 32AIMN,0
train_id_2023,6/7/2016,TU 0642 ,TUN,VIE,6/7/2016 8:15,2016-06-07 10.35.00,ATA,TU 736ION,0
train_id_2024,6/7/2016,TU 0753 ,FCO,TUN,6/7/2016 10:20,2016-06-07 11.35.00,ATA,TU 32AIMD,10
train_id_2025,6/7/2016,TU 0997 ,NCE,TUN,6/7/2016 10:15,2016-06-07 11.45.00,ATA,TU 320IMS,0
train_id_2026,6/7/2016,TU 0635 ,ORY,TOE,6/7/2016 11:10,2016-06-07 13.55.00,ATA,TU 31AIMK,0
train_id_2027,6/7/2016,TU 7241 ,PRG,MIR,6/7/2016 10:30,2016-06-07 12.55.00,ATA,TU 31AIMJ,6
train_id_2028,6/7/2016,TU 0713 ,TUN,JED,6/7/2016 18:55,2016-06-07 23.10.00,ATA,TU 320IMR,8
train_id_2029,6/8/2016,UG 1310 ,SFA,CDG,6/8/2016 14:50,2016-06-08 17.20.00,ATA,TU 736IOL,0
train_id_2030,6/8/2016,UG 1311 ,CDG,SFA,6/8/2016 18:05,2016-06-08 20.35.00,ATA,TU 736IOL,0
train_id_2031,6/8/2016,UG 1310 ,TUN,SFA,6/8/2016 13:15,2016-06-08 14.05.00,ATA,TU 736IOL,0
train_id_2032,6/8/2016,UG 1311 ,SFA,TUN,6/8/2016 21:25,2016-06-08 22.00.00,ATA,TU 736IOL,0
train_id_2033,6/7/2016,TU 6040 ,JED,TOE,6/7/2016 13:50,2016-06-07 18.30.00,ATA,TU 320IMU,6
train_id_2034,6/7/2016,TU 0374 ,TUN,ALG,6/7/2016 13:45,2016-06-07 15.05.00,ATA,TU 32AIMI,10
train_id_2035,6/7/2016,TU 0722 ,TUN,ORY,6/7/2016 13:55,2016-06-07 16.20.00,ATA,TU 31BIMO,11
train_id_2036,6/7/2016,TU 0635 ,TOE,DJE,6/7/2016 14:40,2016-06-07 15.25.00,ATA,TU 31AIMK,0
train_id_2037,6/7/2016,TU 0757 ,MXP,TUN,6/7/2016 15:05,2016-06-07 16.55.00,ATA,TU 31BIMQ,6
train_id_2038,6/7/2016,TU 0395 ,TUN,BKO,6/7/2016 15:20,2016-06-07 20.05.00,ATA,TU 320IMS,15
train_id_2039,6/7/2016,TU 0723 ,ORY,TUN,6/7/2016 17:10,2016-06-07 19.40.00,ATA,TU 31BIMO,5
train_id_2040,6/7/2016,TU 0217 ,IST,TUN,6/7/2016 19:35,2016-06-07 22.20.00,ATA,TU 32AIMG,9
train_id_2041,6/7/2016,TU 0396 ,BKO,DKR,6/7/2016 20:55,2016-06-07 22.35.00,ATA,TU 320IMS,25
train_id_2042,6/7/2016,TU 6021 ,DJE,JED,6/7/2016 23:00,2016-06-08 03.15.00,ATA,TU 320IMU,104
train_id_2043,6/8/2016,TU 0515 ,MAD,TUN,6/8/2016 12:35,2016-06-08 14.45.00,ATA,TU 32AIMM,15
train_id_2044,6/8/2016,TU 0720 ,TUN,ORY,6/8/2016 12:25,2016-06-08 14.45.00,ATA,TU 31BIMQ,4
train_id_2045,6/8/2016,TU 0756 ,TUN,MXP,6/8/2016 12:30,2016-06-08 14.15.00,ATA,TU 31BIMO,9
train_id_2046,1/2/2016,TU 0850 ,TUN,LYS,1/2/2016 12:15,2016-01-02 14.05.00,ATA,TU 332IFN,21
train_id_2047,1/2/2016,TU 0902 ,TUN,MRS,1/2/2016 13:15,2016-01-02 14.55.00,ATA,TU 320IMU,58
train_id_2048,1/3/2016,TU 3240 ,DJE,ORY,1/3/2016 14:00,2016-01-03 16.45.00,ATA,TU 736ION,20
train_id_2049,1/3/2016,TU 6251 ,LYS,DJE,1/3/2016 17:35,2016-01-03 19.55.00,ATA,TU 736IOK,15
train_id_2050,1/3/2016,TU 0481 ,NTE,DJE,1/3/2016 17:50,2016-01-03 20.35.00,ATA,TU 736IOQ,22
train_id_2051,1/5/2016,TU 0814 ,CAI,TUN,1/5/2016 11:00,2016-01-05 14.15.00,ATA,TU 31BIMQ,5
train_id_2052,1/5/2016,TU 0227 ,BEG,TUN,1/5/2016 10:55,2016-01-05 12.55.00,ATA,TU 32AIMD,40
train_id_2053,1/5/2016,TU 0602 ,TUN,ZRH,1/5/2016 11:40,2016-01-05 13.45.00,ATA,TU 32AIML,0
train_id_2054,1/5/2016,TU 0789 ,BRU,TUN,1/5/2016 11:35,2016-01-05 14.15.00,ATA,TU 32AIMN,12
train_id_2055,1/5/2016,TU 0718 ,TUN,ORY,1/5/2016 11:35,2016-01-05 13.55.00,ATA,TU 32AIMI,11
train_id_2056,1/8/2016,TU 0744 ,TUN,FRA,1/8/2016 7:05,2016-01-08 09.40.00,ATA,TU 32AIMF,22
train_id_2057,1/16/2016,TU 0711 ,TUN,CMN,1/16/2016 6:55,2016-01-16 09.40.00,ATA,TU 31BIMQ,17
train_id_2058,1/16/2016,TU 9003 ,NBE,TUN,1/16/2016 20:45,2016-01-16 21.20.00,ATA,TU 32AIMI,0
train_id_2059,1/16/2016,TU 0727 ,MIR,DJE,1/16/2016 12:40,2016-01-16 13.20.00,ATA,TU 31AIMJ,272
train_id_2060,1/16/2016,TU 0718 ,TUN,ORY,1/16/2016 10:05,2016-01-16 12.20.00,ATA,TU 320IMS,19
train_id_2061,1/17/2016,TU 0903 ,MRS,TUN,1/17/2016 16:35,2016-01-17 18.10.00,ATA,TU 31BIMQ,145
train_id_2062,1/17/2016,TU 0753 ,FCO,TUN,1/17/2016 10:05,2016-01-17 11.20.00,ATA,TU 31BIMO,0
train_id_2063,1/17/2016,TU 0718 ,TUN,ORY,1/17/2016 10:05,2016-01-17 12.25.00,ATA,TU 32AIMC,10
train_id_2064,1/17/2016,TU 0712 ,CMN,TUN,1/17/2016 10:30,2016-01-17 12.55.00,ATA,TU 32AIMI,0
train_id_2065,1/17/2016,TU 0643 ,VIE,TUN,1/17/2016 10:40,2016-01-17 12.50.00,ATA,TU 736IOQ,45
train_id_2066,1/17/2016,TU 0997 ,NCE,TUN,1/17/2016 10:15,2016-01-17 11.50.00,ATA,TU 32AIMN,22
train_id_2067,1/17/2016,TU 0209 ,NTE,TUN,1/17/2016 10:30,2016-01-17 12.50.00,ATA,TU 736IOP,20
train_id_2068,1/17/2016,TU 0931 ,MRS,TUN,1/17/2016 10:20,2016-01-17 11.55.00,ATA,TU 320IMS,38
train_id_2069,1/17/2016,TU 0634 ,DJE,ORY,1/17/2016 13:35,2016-01-17 16.15.00,ATA,TU 32AIMD,10
train_id_2070,1/23/2016,TU 0902 ,TUN,MRS,1/23/2016 13:15,2016-01-23 14.55.00,ATA,TU 736IOK,11
train_id_2071,1/23/2016,TU 0283 ,TLS,TUN,1/23/2016 16:25,2016-01-23 18.15.00,ATA,TU 320IMT,7
train_id_2072,1/24/2016,TU 0695 ,MRS,DJE,1/24/2016 16:45,2016-01-24 18.45.00,ATA,TU 736IOQ,5
train_id_2073,1/24/2016,TU 0607 ,MAD,TUN,1/24/2016 17:25,2016-01-24 19.35.00,ATA,TU 31BIMO,27
train_id_2074,1/24/2016,TU 0903 ,MRS,TUN,1/24/2016 16:35,2016-01-24 18.10.00,ATA,TU 736IOP,25
train_id_2075,1/24/2016,TU 0431 ,LYS,DJE,1/24/2016 17:15,2016-01-24 19.35.00,ATA,TU 31AIMJ,0
train_id_2076,1/24/2016,TU 0397 ,TUN,OUA,1/24/2016 17:00,2016-01-24 21.20.00,ATA,TU 320IMV,5
train_id_2077,1/24/2016,TU 0339 ,ALG,TUN,1/24/2016 17:00,2016-01-24 18.10.00,ATA,TU 320IMU,11
train_id_2078,1/24/2016,TU 0791 ,LHR,TUN,1/24/2016 16:50,2016-01-24 19.50.00,ATA,TU 32AIMN,25
train_id_2079,1/24/2016,TU 0515 ,BCN,TUN,1/24/2016 16:40,2016-01-24 18.15.00,ATA,TU 320IMT,40
train_id_2080,1/24/2016,TU 0706 ,CMN,TUN,1/24/2016 17:45,2016-01-24 20.10.00,ATA,TU 32AIML,29
train_id_2081,1/25/2016,TU 0930 ,TUN,MRS,1/25/2016 7:55,2016-01-25 09.30.00,ATA,TU 32AIMP,42
train_id_2082,1/25/2016,TU 0462 ,TUN,LYS,1/25/2016 8:25,2016-01-25 10.15.00,ATA,TU 31AIMK,17
train_id_2083,1/25/2016,TU 0753 ,FCO,TUN,1/25/2016 8:55,2016-01-25 10.10.00,ATA,TU 320IMW,0
train_id_2084,1/25/2016,TU 0374 ,TUN,ALG,1/25/2016 8:15,2016-01-25 09.35.00,ATA,TU 320IMS,35
train_id_2085,1/26/2016,TU 0717 ,ORY,TUN,1/26/2016 10:55,2016-01-26 13.20.00,ATA,TU 320IMV,12
train_id_2086,1/26/2016,TU 0814 ,CAI,TUN,1/26/2016 11:00,2016-01-26 14.15.00,ATA,TU 31BIMO,30
train_id_2087,1/26/2016,TU 0227 ,BEG,TUN,1/26/2016 10:55,2016-01-26 12.55.00,ATA,TU 736IOP,47
train_id_2088,1/26/2016,TU 0642 ,TUN,VIE,1/26/2016 11:40,2016-01-26 14.00.00,ATA,TU 736IOQ,38
train_id_2089,1/26/2016,TU 0756 ,TUN,MXP,1/26/2016 12:30,2016-01-26 14.15.00,ATA,TU 31BIMQ,0
train_id_2090,1/26/2016,TU 0790 ,TUN,LHR,1/26/2016 12:45,2016-01-26 15.50.00,ATA,TU 32AIMP,0
train_id_2091,1/26/2016,TU 0700 ,ZRH,GVA,1/26/2016 12:55,2016-01-26 13.40.00,ATA,TU 32AIMF,27
train_id_2092,1/26/2016,TU 0701 ,GVA,TUN,1/26/2016 14:30,2016-01-26 16.25.00,ATA,TU 32AIMF,9
train_id_2093,1/27/2016,TU 0717 ,ORY,TUN,1/27/2016 10:55,2016-01-27 13.15.00,ATA,TU 32AIMI,22
train_id_2094,1/29/2016,TU 0930 ,TUN,MRS,1/29/2016 7:55,2016-01-29 09.30.00,ATA,TU 32AIMI,12
train_id_2095,1/30/2016,TU 0681 ,TUN,MIR,1/30/2016 13:10,2016-01-30 13.45.00,ATA,TU 31AIMK,129
train_id_2096,1/30/2016,TU 0635 ,ORY,DJE,1/30/2016 14:15,2016-01-30 17.00.00,ATA,TU 736IOP,155
train_id_2097,1/30/2016,TU 6593 ,NBE,DJE,1/30/2016 23:00,2016-01-30 23.45.00,ATA,TU 32AIMH,110
train_id_2098,1/31/2016,TU 0208 ,TUN,NTE,1/31/2016 7:15,2016-01-31 09.40.00,ATA,TU 736IOK,5
train_id_2099,1/31/2016,TU 0752 ,TUN,FCO,1/31/2016 7:40,2016-01-31 09.05.00,ATA,TU 320IMV,0
train_id_2100,1/31/2016,TU 0789 ,BRU,TUN,1/31/2016 11:35,2016-01-31 14.15.00,ATA,TU 32AIMN,12
train_id_2101,1/31/2016,TU 0706 ,CMN,TUN,1/31/2016 17:45,2016-01-31 20.10.00,ATA,TU 32AIMI,0
train_id_2102,1/31/2016,TU 0613 ,TUN,DKR,1/31/2016 19:00,2016-02-01 00.15.00,ATA,TU 320IMR,19
train_id_2103,1/31/2016,TU 0395 ,TUN,BKO,1/31/2016 19:40,2016-02-01 00.25.00,ATA,TU 31BIMO,25
train_id_2104,2/1/2016,TU 6179 ,TUN,KGL,2/1/2016 6:20,2016-02-01 12.50.00,ATA,TU 320IMW,0
train_id_2105,2/2/2016,TU 0717 ,ORY,TUN,2/2/2016 10:55,2016-02-02 13.20.00,ATA,TU 320IMR,50
train_id_2106,2/4/2016,TU 0813 ,TUN,CAI,2/4/2016 7:05,2016-02-04 10.10.00,ATA,TU 320IMS,16
train_id_2107,2/4/2016,TU 0790 ,TUN,LGW,2/4/2016 7:10,2016-02-04 09.55.00,ATA,TU 31BIMQ,11
train_id_2108,2/5/2016,TU 0713 ,TUN,JED,2/5/2016 19:20,2016-02-05 23.15.00,ATA,TU 320IMR,55
train_id_2109,2/6/2016,TU 0720 ,TUN,ORY,2/6/2016 12:20,2016-02-06 14.40.00,ATA,TU 32AIMI,0
train_id_2110,2/8/2016,TU 0719 ,ORY,TUN,2/8/2016 14:55,2016-02-08 17.20.00,ATA,TU 32AIMN,0
train_id_2111,2/8/2016,TU 0363 ,BLQ,TUN,2/8/2016 15:25,2016-02-08 16.55.00,ATA,TU 31BIMQ,0
train_id_2112,2/8/2016,TU 0757 ,MXP,TUN,2/8/2016 15:05,2016-02-08 17.00.00,ATA,TU 736IOK,24
train_id_2113,2/10/2016,TU 0283 ,TLS,TUN,2/10/2016 10:55,2016-02-10 12.50.00,ATA,TU 736IOP,45
train_id_2114,2/21/2016,TU 9024 ,MIR,TUN,2/21/2016 6:00,2016-02-21 06.40.00,ATA,TU 31BIMQ,0
train_id_2115,2/23/2016,TU 0725 ,ORY,TUN,2/23/2016 8:00,2016-02-23 10.25.00,ATA,TU 320IMT,0
train_id_2116,2/23/2016,TU 0930 ,TUN,MRS,2/23/2016 7:55,2016-02-23 09.30.00,ATA,TU 320IMU,0
train_id_2117,2/23/2016,TU 0788 ,TUN,BRU,2/23/2016 8:00,2016-02-23 10.35.00,ATA,TU 32AIMF,0
train_id_2118,2/23/2016,TU 6039 ,TUN,JED,2/23/2016 19:05,2016-02-23 23.30.00,ATA,TU 320IMS,6
train_id_2119,2/28/2016,TU 0515 ,BCN,TUN,2/28/2016 16:40,2016-02-28 18.15.00,ATA,TU 32AIML,8
train_id_2120,2/29/2016,TU 0362 ,TUN,BLQ,2/29/2016 13:00,2016-02-29 14.35.00,ATA,TU 32AIMG,5
train_id_2121,2/29/2016,TU 0250 ,MIR,NCE,2/29/2016 13:20,2016-02-29 15.05.00,ATA,TU 736IOK,0
train_id_2122,3/5/2016,TU 0538 ,DJE,DUS,3/5/2016 6:30,2016-03-05 09.35.00,ATA,TU 736IOR,0
train_id_2123,3/5/2016,TU 0752 ,TUN,FCO,3/5/2016 7:40,2016-03-05 09.05.00,ATA,TU 31BIMO,12
train_id_2124,4/10/2016,TU 0613 ,BKO,DKR,4/10/2016 22:40,2016-04-11 00.20.00,ATA,TU 320IMR,105
train_id_2125,5/30/2016,TU 0903 ,MRS,TUN,5/30/2016 13:50,2016-05-30 15.25.00,ATA,TU 32AIMM,13
train_id_2126,5/30/2016,TU 0374 ,TUN,ALG,5/30/2016 13:45,2016-05-30 15.05.00,ATA,TU 320IMV,28
train_id_2127,6/4/2016,TU 0594 ,NBE,MUC,6/4/2016 5:05,2016-06-04 07.25.00,ATA,TU 736IOK,0
train_id_2128,6/5/2016,TU 6032 ,SFA,TUN,6/5/2016 4:35,2016-06-05 05.20.00,ATA,TU 320IMT,0
train_id_2129,6/6/2016,TU 0542 ,TUN,MUC,6/6/2016 6:55,2016-06-06 09.10.00,ATA,TU 32AIMF,20
train_id_2130,6/11/2016,TU 0726 ,DJE,MIR,6/11/2016 4:35,2016-06-11 05.15.00,ATA,TU 32AIMG,0
train_id_2131,6/18/2016,TU 0902 ,TUN,MRS,6/18/2016 11:25,2016-06-18 13.00.00,ATA,TU 32AIML,0
train_id_2132,6/20/2016,TU 0903 ,MRS,TUN,6/20/2016 13:50,2016-06-20 15.25.00,ATA,TU 32AIMN,0
train_id_2133,6/22/2016,TU 0282 ,TUN,TLS,6/22/2016 6:50,2016-06-22 08.45.00,ATA,TU 736ION,0
train_id_2134,6/26/2016,TU 0701 ,GVA,TUN,6/26/2016 16:10,2016-06-26 18.05.00,ATA,TU 320IMT,25
train_id_2135,7/2/2016,TU 0902 ,TUN,MRS,7/2/2016 12:20,2016-07-02 13.55.00,ATA,TU 320IMU,28
train_id_2136,7/2/2016,TU 0719 ,ORY,TUN,7/2/2016 12:40,2016-07-02 15.05.00,ATA,TU 320IMR,8
train_id_2137,7/3/2016,TU 0629 ,BOD,TUN,7/3/2016 10:10,2016-07-03 12.10.00,ATA,TU 31BIMO,0
train_id_2138,7/4/2016,TU 0251 ,NCE,MIR,7/4/2016 14:30,2016-07-04 16.10.00,ATA,TU 736IOL,35
train_id_2139,7/11/2016,TU 0750 ,TUN,LYS,7/11/2016 8:00,2016-07-11 09.50.00,ATA,TU 320IMW,0
train_id_2140,7/11/2016,TU 0752 ,TUN,FCO,7/11/2016 8:00,2016-07-11 09.20.00,ATA,TU 31BIMO,9
train_id_2141,7/11/2016,TU 0856 ,TUN,MXP,7/11/2016 8:00,2016-07-11 09.45.00,ATA,TU 736IOL,12
train_id_2142,7/13/2016,TU 0374 ,TUN,ALG,7/13/2016 13:45,2016-07-13 15.05.00,ATA,TU 332IFM,46
train_id_2143,7/15/2016,TU 6551 ,SXF,DJE,7/15/2016 9:10,2016-07-15 12.15.00,ATA,TU 736IOL,0
train_id_2144,7/15/2016,TU 0931 ,MRS,TUN,7/15/2016 8:50,2016-07-15 10.25.00,ATA,TU 32AIMG,22
train_id_2145,7/23/2016,TU 0734 ,DJE,ORY,7/23/2016 14:50,2016-07-23 17.30.00,ATA,TU 32AIMF,135
train_id_2146,7/23/2016,TU 0727 ,BRU,MIR,7/23/2016 9:45,2016-07-23 12.30.00,ATA,TU 32AIMF,143
train_id_2147,7/23/2016,TU 0717 ,ORY,TUN,7/23/2016 10:15,2016-07-23 12.40.00,ATA,TU 32AIMH,23
train_id_2148,7/23/2016,TU 0727 ,MIR,DJE,7/23/2016 13:20,2016-07-23 14.00.00,ATA,TU 32AIMF,117
train_id_2149,7/23/2016,TU 0753 ,FCO,TUN,7/23/2016 10:20,2016-07-23 11.35.00,ATA,TU 32AIMD,10
train_id_2150,7/25/2016,TU 0930 ,TUN,MRS,7/25/2016 6:25,2016-07-25 08.00.00,ATA,TU 32AIMG,0
train_id_2151,7/25/2016,TU 0526 ,TUN,DUS,7/25/2016 6:25,2016-07-25 09.10.00,ATA,TU 736IOM,19
train_id_2152,7/27/2016,TU 0711 ,TUN,CMN,7/27/2016 7:00,2016-07-27 09.40.00,ATA,TU 320IMW,27
train_id_2153,7/27/2016,TU 0744 ,TUN,FRA,7/27/2016 7:05,2016-07-27 09.40.00,ATA,TU 32AIMH,29
train_id_2154,7/29/2016,TU 0744 ,TUN,FRA,7/29/2016 6:30,2016-07-29 09.05.00,ATA,TU 320IMS,12
train_id_2155,7/30/2016,TU 0716 ,TUN,ORY,7/30/2016 6:50,2016-07-30 09.10.00,ATA,TU 320IMU,0
train_id_2156,7/30/2016,TU 0553 ,HAM,NBE,7/30/2016 10:25,2016-07-30 13.20.00,ATA,TU 32AIML,11
train_id_2157,7/30/2016,TU 0717 ,ORY,TUN,7/30/2016 10:15,2016-07-30 12.40.00,ATA,TU 320IMU,19
train_id_2158,7/30/2016,TU 0712 ,CMN,TUN,7/30/2016 10:35,2016-07-30 13.00.00,ATA,TU 320IMV,5
train_id_2159,7/30/2016,TU 0541 ,DUS,NBE,7/30/2016 10:30,2016-07-30 13.15.00,ATA,TU 736IOR,10
train_id_2160,7/30/2016,TU 0756 ,TUN,MXP,7/30/2016 13:30,2016-07-30 15.15.00,ATA,TU 320IMU,32
train_id_2161,7/30/2016,TU 9015 ,NBE,DJE,7/30/2016 14:00,2016-07-30 14.50.00,ATA,TU 736IOR,0
train_id_2162,8/4/2016,TU 6200 ,DJE,CDG,8/4/2016 4:30,2016-08-04 07.20.00,ATA,TU 736IOM,0
train_id_2163,8/4/2016,AT 0627 ,BRU,OUD,8/4/2016 5:00,2016-08-04 07.50.00,ATA,TU 32AIMM,5
train_id_2164,8/6/2016,TU 0540 ,NBE,DUS,8/6/2016 6:50,2016-08-06 09.40.00,ATA,TU 736IOL,8
train_id_2165,8/6/2016,AT 0684 ,NDR,AMS,8/6/2016 15:05,2016-08-06 18.15.00,ATA,TU 32AIMN,0
train_id_2166,8/6/2016,TU 0399 ,TUN,NIM,8/6/2016 15:00,2016-08-06 18.55.00,ATA,TU 320IMR,32
train_id_2167,8/7/2016,TU 0480 ,DJE,NTE,8/7/2016 5:15,2016-08-07 08.05.00,ATA,TU 736ION,0
train_id_2168,8/13/2016,AT 0685 ,AMS,NDR,8/13/2016 11:00,2016-08-13 14.05.00,ATA,TU 32AIMN,29
train_id_2169,8/13/2016,TU 0902 ,TUN,MRS,8/13/2016 11:25,2016-08-13 13.00.00,ATA,TU 320IMR,15
train_id_2170,8/20/2016,UG 0401 ,DJE,TUN,8/20/2016 21:30,2016-08-20 22.20.00,ATA,TU 736IOM,0
train_id_2171,8/20/2016,TU 0268 ,TUN,SVO,8/20/2016 21:00,2016-08-21 00.50.00,ATA,TU 320IMW,2123
train_id_2172,8/20/2016,TU 2513 ,LYS,DJE,8/20/2016 21:45,2016-08-20 23.40.00,ATA,TU 320IMW,0
train_id_2173,8/25/2016,AT 0620 ,AHU,AMS,8/25/2016 8:30,2016-08-25 11.45.00,ATA,TU 32AIMM,0
train_id_2174,8/27/2016,TU 0485 ,ZRH,DJE,8/27/2016 15:55,2016-08-27 18.25.00,ATA,TU 31AIMJ,119
train_id_2175,8/27/2016,TU 9177 ,TUN,DJE,8/27/2016 21:25,2016-08-27 22.15.00,ATA,TU 320IMT,142
train_id_2176,8/27/2016,TU 3140 ,MIR,CDG,8/27/2016 22:10,2016-08-28 00.40.00,ATA,TU 32AIML,1151
train_id_2177,8/28/2016,TU 3141 ,CDG,TUN,8/28/2016 1:30,2016-08-28 04.00.00,ATA,TU 32AIML,1150
train_id_2178,8/28/2016,TU 3153 ,TLS,TUN,8/28/2016 2:55,2016-08-28 04.30.00,ATA,TU 320IMS,0
train_id_2179,8/27/2016,TU 3402 ,DJE,CDG,8/27/2016 23:05,2016-08-28 01.50.00,ATA,TU 320IMT,149
train_id_2180,8/28/2016,TU 3423 ,MRS,MIR,8/28/2016 2:45,2016-08-28 04.20.00,ATA,TU 332IFM,0
train_id_2181,8/28/2016,UG 1312 ,SFA,CDG,8/28/2016 13:20,2016-08-28 15.55.00,DEP,TU CR9ISA,20
train_id_2182,8/28/2016,TU 8539 ,OPO,LIS,8/28/2016 10:15,2016-08-28 11.15.00,ATA,TU 736IOL,342
train_id_2183,8/28/2016,TU 6291 ,CDG,DJE,8/28/2016 14:45,2016-08-28 17.40.00,ATA,TU 736IOR,34
train_id_2184,8/28/2016,TU 0903 ,MRS,TUN,8/28/2016 13:50,2016-08-28 15.25.00,ATA,TU 320IMS,10
train_id_2185,8/28/2016,TU 0473 ,VCE,TUN,8/28/2016 15:50,2016-08-28 17.30.00,ATA,TU 32AIMH,55
train_id_2186,8/28/2016,TU 0998 ,TUN,NCE,8/28/2016 14:15,2016-08-28 15.45.00,ATA,TU 31BIMO,12
train_id_2187,8/28/2016,TU 0563 ,TUN,NKC,8/28/2016 18:45,2016-08-28 23.40.00,ATA,TU 320IMR,197
train_id_2188,8/28/2016,TU 0606 ,TUN,MAD,8/28/2016 14:30,2016-08-28 16.35.00,ATA,TU 31BIMQ,0
train_id_2189,8/28/2016,TU 0695 ,MRS,DJE,8/28/2016 15:15,2016-08-28 17.15.00,ATA,TU 736IOP,35
train_id_2190,8/29/2016,TU 9111 ,TUN,DJE,8/29/2016 19:45,2016-08-29 20.40.00,ATA,TU 736IOM,9
train_id_2191,8/29/2016,TU 3177 ,NCE,DJE,8/29/2016 21:20,2016-08-29 23.15.00,ATA,TU 320IMS,127
train_id_2192,8/31/2016,TU 0790 ,TUN,LGW,8/31/2016 6:15,2016-08-31 08.55.00,ATA,TU 31BIMQ,26
train_id_2193,8/31/2016,TU 0526 ,TUN,DUS,8/31/2016 6:25,2016-08-31 09.10.00,ATA,TU 736IOR,34
train_id_2194,8/31/2016,AT 0670 ,NDR,AMS,8/31/2016 6:50,2016-08-31 10.00.00,ATA,TU 32AIMP,0
train_id_2195,8/31/2016,TU 6140 ,DJE,LJU,8/31/2016 7:00,2016-08-31 09.15.00,ATA,TU 736ION,0
train_id_2196,8/31/2016,TU 0745 ,FRA,TUN,8/31/2016 10:30,2016-08-31 12.55.00,ATA,TU 32AIMD,491
train_id_2197,8/31/2016,AT 0606 ,OUD,MRS,8/31/2016 8:50,2016-08-31 10.45.00,ATA,TU 32AIMN,7
train_id_2198,8/31/2016,TU 0712 ,CMN,TUN,8/31/2016 10:35,2016-08-31 13.00.00,ATA,TU 31BIMO,200
train_id_2199,8/31/2016,TU 3053 ,ORY,DJE,8/31/2016 9:35,2016-08-31 12.20.00,ATA,TU 736IOP,0
train_id_2200,8/31/2016,TU 0543 ,MUC,TUN,8/31/2016 9:55,2016-08-31 12.05.00,ATA,TU 736IOL,217
train_id_2201,8/31/2016,TU 0751 ,LYS,TUN,8/31/2016 10:40,2016-08-31 12.35.00,ATA,TU 320IMU,43
train_id_2202,8/31/2016,TU 6141 ,LJU,DJE,8/31/2016 10:00,2016-08-31 12.20.00,ATA,TU 736ION,0
train_id_2203,8/31/2016,TU 0246 ,TUN,SXB,8/31/2016 14:40,2016-08-31 17.00.00,ATA,5M 343SUN,150
train_id_2204,8/31/2016,TU 0399 ,TUN,ABJ,8/31/2016 16:30,2016-08-31 21.50.00,ATA,TU 320IMR,27
train_id_2205,8/31/2016,TU 0929 ,MRS,TUN,8/31/2016 18:40,2016-08-31 20.15.00,ATA,TU 32AIMF,34
train_id_2206,8/31/2016,TU 0319 ,LIS,TUN,8/31/2016 18:05,2016-08-31 20.50.00,ATA,TU 736IOR,8
train_id_2207,8/31/2016,TU 0607 ,MAD,TUN,8/31/2016 17:25,2016-08-31 19.30.00,ATA,TU 31BIMQ,50
train_id_2208,8/31/2016,TU 0724 ,TUN,ORY,8/31/2016 18:20,2016-08-31 20.40.00,ATA,TU 32AIMH,40
train_id_2209,8/31/2016,TU 3260 ,TUN,NCE,8/31/2016 21:40,2016-08-31 23.10.00,ATA,TU 736IOR,114
train_id_2210,8/31/2016,TU 3034 ,TUN,CDG,8/31/2016 22:00,2016-09-01 00.20.00,ATA,5K 343TQY,35
train_id_2211,8/31/2016,TU 3041 ,NCE,TUN,8/31/2016 23:30,2016-09-01 01.05.00,ATA,TU 32AIMF,0
train_id_2212,8/31/2016,TU 3069 ,CDG,DJE,8/31/2016 23:55,2016-09-01 02.45.00,ATA,TU 31AIMK,0
train_id_2213,9/1/2016,TU 3045 ,LYS,TUN,9/1/2016 0:00,2016-09-01 01.47.00,ATA,TU 320IMS,0
train_id_2214,9/2/2016,TU 5044 ,JED,TUN,9/2/2016 3:10,2016-09-02 08.05.00,ATA,TU 332IFM,0
train_id_2215,9/2/2016,TU 0928 ,TUN,MRS,9/2/2016 16:15,2016-09-02 17.50.00,ATA,TU 32AIMI,335
train_id_2216,9/2/2016,TU 0719 ,ORY,TUN,9/2/2016 12:40,2016-09-02 15.05.00,ATA,TU 32AIMD,35
train_id_2217,9/2/2016,TU 0734 ,DJE,ORY,9/2/2016 13:30,2016-09-02 16.10.00,ATA,TU 31AIMK,25
train_id_2218,9/2/2016,AT 0625 ,ORY,OUD,9/2/2016 11:55,2016-09-02 14.30.00,ATA,TU 32AIMN,34
train_id_2219,9/2/2016,TU 0472 ,TUN,VCE,9/2/2016 13:15,2016-09-02 14.55.00,ATA,TU 320IMU,69
train_id_2220,9/3/2016,TU 2600 ,DJE,ORY,9/3/2016 12:00,2016-09-03 14.45.00,ATA,TU 736IOR,52
train_id_2221,1/8/2016,TU 0718 ,TUN,ORY,1/8/2016 10:05,2016-01-08 12.25.00,ATA,TU 32AIMP,75
train_id_2222,1/8/2016,TU 0851 ,LYS,TUN,1/8/2016 15:05,2016-01-08 17.00.00,ATA,TU 320IMT,55
train_id_2223,1/8/2016,TU 0543 ,MUC,TUN,1/8/2016 15:55,2016-01-08 18.05.00,ATA,TU 320IMU,158
train_id_2224,1/21/2016,TU 0642 ,TUN,VIE,1/21/2016 13:40,2016-01-21 16.00.00,ATA,TU 736IOP,10
train_id_2225,1/21/2016,TU 0701 ,GVA,TUN,1/21/2016 15:25,2016-01-21 17.20.00,ATA,TU 32AIMI,110
train_id_2226,1/21/2016,TU 0338 ,TUN,ALG,1/21/2016 14:30,2016-01-21 15.50.00,ATA,TU 320IMR,16
train_id_2227,1/23/2016,TU 0752 ,TUN,FCO,1/23/2016 7:40,2016-01-23 09.05.00,ATA,TU 320IMR,0
train_id_2228,2/15/2016,TU 0756 ,TUN,MXP,2/15/2016 12:30,2016-02-15 14.15.00,ATA,TU 320IMR,9
train_id_2229,2/15/2016,TU 0362 ,TUN,BLQ,2/15/2016 13:00,2016-02-15 14.35.00,ATA,TU 32AIMP,0
train_id_2230,3/4/2016,TU 0607 ,MAD,TUN,3/4/2016 10:10,2016-03-04 12.20.00,ATA,TU 320IMV,15
train_id_2231,3/5/2016,TU 0539 ,DUS,DJE,3/5/2016 10:20,2016-03-05 13.25.00,ATA,TU 736IOR,22
train_id_2232,3/5/2016,TU 0931 ,MRS,TUN,3/5/2016 10:20,2016-03-05 11.55.00,ATA,TU 32AIMD,50
train_id_2233,3/7/2016,TU 0719 ,ORY,TUN,3/7/2016 14:55,2016-03-07 17.20.00,ATA,TU 32AIMG,11
train_id_2234,3/7/2016,UG 0008 ,TUN,DJE,3/7/2016 14:45,2016-03-07 15.45.00,ATA,TU 320IMT,19
train_id_2235,3/10/2016,TU 0374 ,TUN,ALG,3/10/2016 8:15,2016-03-10 09.35.00,ATA,TU 320IMT,107
train_id_2236,3/10/2016,TU 9082 ,TUN,DJE,3/10/2016 5:20,2016-03-10 06.15.00,ATA,TU 736IOR,0
train_id_2237,3/10/2016,TU 9950 ,TUN,TUN,3/10/2016 5:00,2016-03-10 06.00.00,ATA,TU 32AIMH,12
train_id_2238,3/10/2016,TU 6044 ,JED,TUN,3/10/2016 4:30,2016-03-10 09.30.00,ATA,TU 320IMS,50
train_id_2239,3/12/2016,TU 6498 ,DJE,NBE,3/12/2016 4:40,2016-03-12 05.25.00,ATA,TU 32AIMD,0
train_id_2240,3/19/2016,TU 0540 ,NBE,DUS,3/19/2016 6:20,2016-03-19 09.10.00,ATA,TU 32AIMD,0
train_id_2241,3/24/2016,TU 6042 ,TOE,TUN,3/24/2016 10:15,2016-03-24 11.10.00,ATA,TU 320IMT,0
train_id_2242,3/24/2016,TU 3700 ,TUN,LIL,3/24/2016 20:00,2016-03-24 22.30.00,ATA,TU 736IOQ,110
train_id_2243,4/8/2016,TU 0881 ,AMS,TUN,4/8/2016 9:30,2016-04-08 12.25.00,ATA,TU 32AIMF,12
train_id_2244,4/8/2016,TU 0635 ,ORY,DJE,4/8/2016 9:50,2016-04-08 12.35.00,ATA,TU 31AIMK,41
train_id_2245,4/8/2016,TU 0720 ,TUN,ORY,4/8/2016 12:25,2016-04-08 14.45.00,ATA,TU 320IMV,52
train_id_2246,4/9/2016,TU 0680 ,MIR,MRS,4/9/2016 17:00,2016-04-09 18.45.00,ATA,TU 736IOK,128
train_id_2247,4/8/2016,TU 6551 ,HAM,DJE,4/8/2016 9:55,2016-04-08 13.05.00,ATA,TU 31AIMJ,0
train_id_2248,4/8/2016,TU 0712 ,CMN,TUN,4/8/2016 10:35,2016-04-08 12.55.00,ATA,TU 31BIMO,16
train_id_2249,4/8/2016,TU 0789 ,BRU,MRS,4/8/2016 11:00,2016-04-08 12.15.00,ATA,TU 32AIMP,67
train_id_2250,4/8/2016,TU 0789 ,MRS,TUN,4/8/2016 13:05,2016-04-08 14.40.00,ATA,TU 32AIMP,185
train_id_2251,4/9/2016,TU 0753 ,FCO,TUN,4/9/2016 10:20,2016-04-09 11.35.00,ATA,TU 32AIMI,349
train_id_2252,4/19/2016,TU 0712 ,CMN,TUN,4/19/2016 10:35,2016-04-19 13.00.00,ATA,TU 320IMV,0
train_id_2253,4/24/2016,TU 0717 ,ORY,TUN,4/24/2016 10:15,2016-04-24 12.40.00,ATA,TU 32AIMP,13
train_id_2254,4/24/2016,TU 0753 ,FCO,TUN,4/24/2016 10:20,2016-04-24 11.35.00,ATA,TU 31BIMQ,7
train_id_2255,4/24/2016,UG 1313 ,CDG,SFA,4/24/2016 10:10,2016-04-24 12.40.00,DEP,TU CR9ISA,0
train_id_2256,4/24/2016,TU 0209 ,NTE,TUN,4/24/2016 10:10,2016-04-24 12.25.00,ATA,TU 31AIMJ,25
train_id_2257,4/24/2016,TU 0857 ,MXP,TUN,4/24/2016 10:35,2016-04-24 12.30.00,ATA,TU 31BIMO,4
train_id_2258,4/24/2016,TU 0997 ,NCE,TUN,4/24/2016 10:15,2016-04-24 11.45.00,ATA,TU 32AIMI,25
train_id_2259,4/24/2016,TU 0472 ,TUN,VCE,4/24/2016 13:15,2016-04-24 15.00.00,ATA,TU 31AIMJ,52
train_id_2260,4/24/2016,TU 0712 ,CMN,TUN,4/24/2016 10:35,2016-04-24 13.00.00,ATA,TU 320IMV,9
train_id_2261,4/24/2016,TU 0745 ,FRA,TUN,4/24/2016 10:20,2016-04-24 12.45.00,ATA,TU 32AIMN,30
train_id_2262,4/24/2016,TU 0751 ,LYS,TUN,4/24/2016 10:40,2016-04-24 12.35.00,ATA,TU 320IMW,10
train_id_2263,4/24/2016,TU 0363 ,BLQ,TUN,4/24/2016 11:00,2016-04-24 12.30.00,ATA,TU 736IOR,0
train_id_2264,4/26/2016,TU 0930 ,TUN,MRS,4/26/2016 6:25,2016-04-26 08.00.00,ATA,TU 32AIMN,0
train_id_2265,6/3/2016,TU 0226 ,TUN,BEG,6/3/2016 14:25,2016-06-03 16.25.00,ATA,TU 32AIMP,27
train_id_2266,6/3/2016,TU 0724 ,TUN,ORY,6/3/2016 18:20,2016-06-03 20.40.00,ATA,TU 32AIMI,33
train_id_2267,6/11/2016,TU 0717 ,ORY,TUN,6/11/2016 10:15,2016-06-11 12.40.00,ATA,TU 320IMU,125
train_id_2268,6/21/2016,TU 0790 ,TUN,LHR,6/21/2016 12:50,2016-06-21 15.55.00,ATA,TU 32AIMD,0
train_id_2269,6/21/2016,TU 7237 ,BRQ,OSR,6/21/2016 14:10,2016-06-21 14.45.00,ATA,TU 31AIMK,0
train_id_2270,6/21/2016,TU 0700 ,TUN,GVA,6/21/2016 13:25,2016-06-21 15.20.00,ATA,TU 31BIMO,0
train_id_2271,6/21/2016,TU 9436 ,DJE,TOE,6/21/2016 13:05,2016-06-21 13.50.00,ATA,TU 736IOR,20
train_id_2272,6/28/2016,TU 0716 ,TUN,ORY,6/28/2016 6:50,2016-06-28 09.10.00,ATA,TU 32AIMF,102
train_id_2273,6/30/2016,TU 0931 ,MRS,TUN,6/30/2016 8:50,2016-06-30 10.25.00,ATA,TU 736IOK,12
train_id_2274,7/2/2016,AT 0668 ,OUD,AMS,7/2/2016 6:45,2016-07-02 10.00.00,ATA,TU 32AIMN,14
train_id_2275,7/14/2016,AT 0680 ,NDR,BRU,7/14/2016 1:20,2016-07-14 04.10.00,ATA,TU 32AIMM,0
train_id_2276,7/14/2016,TU 3501 ,TUN,EBL,7/14/2016 20:00,2016-07-14 23.50.00,ATA,TU 320IMV,135
train_id_2277,7/17/2016,TU 0462 ,MIR,LYS,7/17/2016 11:50,2016-07-17 13.50.00,ATA,TU 31AIMJ,0
train_id_2278,7/18/2016,AT 0624 ,OUD,ORY,7/18/2016 8:20,2016-07-18 11.00.00,ATA,TU 32AIMN,42
train_id_2279,7/20/2016,TU 0724 ,TUN,ORY,7/20/2016 18:20,2016-07-20 20.40.00,ATA,TU 32AIMG,26
train_id_2280,7/23/2016,TU 0722 ,TUN,ORY,7/23/2016 14:30,2016-07-23 16.50.00,ATA,TU 320IMT,10
train_id_2281,7/23/2016,TU 0998 ,TUN,NCE,7/23/2016 14:15,2016-07-23 15.45.00,ATA,TU 32AIMG,24
train_id_2282,7/23/2016,TU 9013 ,NBE,DJE,7/23/2016 14:15,2016-07-23 14.50.00,ATA,TU 736ION,0
train_id_2283,7/23/2016,TU 0509 ,GVA,MIR,7/23/2016 14:00,2016-07-23 16.05.00,ATA,TU 736IOR,0
train_id_2284,7/23/2016,TU 0721 ,ORY,TUN,7/23/2016 14:55,2016-07-23 17.20.00,ATA,TU 332IFM,24
train_id_2285,7/23/2016,TU 0283 ,TLS,TUN,7/23/2016 14:50,2016-07-23 16.40.00,ATA,TU 736IOM,115
train_id_2286,7/23/2016,TU 0441 ,ORY,MIR,7/23/2016 14:35,2016-07-23 17.10.00,ATA,TU 736IOP,30
train_id_2287,7/23/2016,TU 9144 ,DJE,MIR,7/23/2016 13:45,2016-07-23 14.20.00,ATA,TU 31AIMJ,0
train_id_2288,7/23/2016,TU 6593 ,SXF,NBE,7/23/2016 15:10,2016-07-23 18.00.00,ATA,TU 736IOK,75
train_id_2289,7/24/2016,AT 0684 ,NDR,AMS,7/24/2016 15:05,2016-07-24 18.15.00,ATA,TU 32AIMM,32
train_id_2290,7/25/2016,TU 0564 ,NKC,TUN,7/25/2016 0:30,2016-07-25 04.45.00,ATA,TU 320IMU,218
train_id_2291,7/27/2016,TU 8957 ,LJU,MIR,7/27/2016 13:00,2016-07-27 14.55.00,ATA,TU 31AIMJ,0
train_id_2292,7/27/2016,UG 1312 ,SFA,CDG,7/27/2016 13:20,2016-07-27 15.55.00,DEL,TU CR9ISA,0
train_id_2293,7/27/2016,TU 0720 ,TUN,ORY,7/27/2016 12:25,2016-07-27 14.45.00,ATA,TU 320IMR,21
train_id_2294,7/27/2016,TU 0246 ,TUN,SXB,7/27/2016 13:35,2016-07-27 15.55.00,ATA,TU 736IOK,33
train_id_2295,7/27/2016,TU 2680 ,DJE,ORY,7/27/2016 13:05,2016-07-27 15.50.00,ATA,TU 736IOL,9
train_id_2296,7/28/2016,TU 0712 ,CMN,TUN,7/28/2016 10:35,2016-07-28 13.00.00,ATA,TU 320IMS,0
train_id_2297,7/28/2016,TU 0814 ,CAI,TUN,7/28/2016 10:55,2016-07-28 14.10.00,ATA,TU 31BIMQ,20
train_id_2298,7/30/2016,TU 0928 ,TUN,MRS,7/30/2016 16:15,2016-07-30 17.50.00,ATA,TU 320IMU,272
train_id_2299,7/31/2016,TU 0847 ,TUN,BEY,7/31/2016 7:30,2016-07-31 10.45.00,ATA,TU 320IMV,23
train_id_2300,7/31/2016,TU 0996 ,TUN,NCE,7/31/2016 7:50,2016-07-31 09.20.00,ATA,TU 32AIMD,0
train_id_2301,7/31/2016,TU 0721 ,ORY,TUN,7/31/2016 14:55,2016-07-31 17.20.00,ATA,TU 332IFN,44
train_id_2302,7/31/2016,TU 0695 ,MRS,DJE,7/31/2016 15:15,2016-07-31 17.15.00,ATA,TU 736IOR,0
train_id_2303,8/4/2016,AT 0620 ,AHU,AMS,8/4/2016 8:30,2016-08-04 11.45.00,ATA,TU 32AIMM,338
train_id_2304,8/4/2016,TU 0722 ,TUN,ORY,8/4/2016 13:55,2016-08-04 16.20.00,ATA,TU 332IFN,40
train_id_2305,8/8/2016,TU 0902 ,TUN,MRS,8/8/2016 11:25,2016-08-08 13.00.00,ATA,TU 32AIML,10
train_id_2306,8/8/2016,TU 0998 ,TUN,NCE,8/8/2016 14:15,2016-08-08 15.45.00,ATA,TU 320IMV,90
train_id_2307,8/8/2016,AT 0683 ,BRU,TNG,8/8/2016 10:10,2016-08-08 13.05.00,ATA,TU 32AIMP,4
train_id_2308,8/8/2016,TU 9031 ,DJE,TUN,8/8/2016 14:00,2016-08-08 14.50.00,ATA,TU 736IOR,0
train_id_2309,8/8/2016,AT 0621 ,AMS,AHU,8/8/2016 11:00,2016-08-08 14.10.00,ATA,TU 32AIMM,17
train_id_2310,8/8/2016,TU 0250 ,MIR,NCE,8/8/2016 12:00,2016-08-08 13.35.00,ATA,TU 31AIMJ,5
train_id_2311,8/8/2016,TU 0363 ,BLQ,TUN,8/8/2016 11:40,2016-08-08 13.15.00,ATA,TU 320IMS,40
train_id_2312,8/9/2016,TU 0996 ,TUN,NCE,8/9/2016 7:50,2016-08-09 09.20.00,ATA,TU 736IOR,22
train_id_2313,8/18/2016,AT 0624 ,OUD,ORY,8/18/2016 8:20,2016-08-18 11.00.00,ATA,TU 32AIML,18
train_id_2314,8/20/2016,TU 0614 ,BKO,TUN,8/20/2016 1:55,2016-08-20 06.35.00,ATA,TU 320IMR,160
train_id_2315,8/22/2016,TU 5002 ,MED,TUN,8/22/2016 6:20,2016-08-22 10.40.00,ATA,TU 332IFM,0
train_id_2316,8/22/2016,TU 5005 ,MIR,MED,8/22/2016 5:50,2016-08-22 09.50.00,ATA,TU 332IFN,0
train_id_2317,8/22/2016,TU 0542 ,TUN,MUC,8/22/2016 6:55,2016-08-22 09.10.00,ATA,TU 736ION,28
train_id_2318,8/22/2016,TU 0338 ,TUN,ALG,8/22/2016 7:30,2016-08-22 08.50.00,ATA,TU 320IMW,0
train_id_2319,8/22/2016,TU 0463 ,LYS,MIR,8/22/2016 7:50,2016-08-22 09.55.00,ATA,TU 736IOM,0
train_id_2320,8/22/2016,TU 0363 ,BLQ,TUN,8/22/2016 11:20,2016-08-22 12.55.00,ATA,TU 320IMR,10
train_id_2321,8/22/2016,AT 0625 ,ORY,OUD,8/22/2016 11:55,2016-08-22 14.30.00,ATA,TU 32AIMN,0
train_id_2322,8/22/2016,TU 0720 ,TUN,ORY,8/22/2016 12:25,2016-08-22 14.45.00,ATA,TU 320IMW,6
train_id_2323,8/22/2016,TU 3011 ,CDG,DJE,8/22/2016 16:10,2016-08-22 19.00.00,ATA,TU 320IMU,104
train_id_2324,8/22/2016,TU 0375 ,ALG,TUN,8/22/2016 16:05,2016-08-22 17.15.00,ATA,TU 32AIMD,38
train_id_2325,8/22/2016,TU 0695 ,MRS,DJE,8/22/2016 16:05,2016-08-22 18.05.00,ATA,TU 736IOL,0
train_id_2326,8/22/2016,TU 0724 ,TUN,ORY,8/22/2016 18:20,2016-08-22 20.40.00,ATA,TU 32AIMD,43
train_id_2327,8/22/2016,TU 3008 ,TUN,CDG,8/22/2016 17:45,2016-08-22 20.05.00,ATA,TU 320IMT,29
train_id_2328,8/22/2016,TU 0319 ,LIS,TUN,8/22/2016 18:20,2016-08-22 21.00.00,ATA,TU 736ION,0
train_id_2329,8/22/2016,TU 0814 ,CAI,TUN,8/22/2016 18:35,2016-08-22 21.50.00,ATA,TU 31BIMO,0
train_id_2330,8/22/2016,TU 0929 ,MRS,TUN,8/22/2016 18:40,2016-08-22 20.15.00,ATA,TU 32AIML,19
train_id_2331,8/22/2016,TU 3447 ,LYS,DJE,8/22/2016 19:55,2016-08-22 22.10.00,ATA,TU 31AIMK,0
train_id_2332,8/23/2016,TU 9055 ,TUN,DJE,8/23/2016 3:05,2016-08-23 03.50.00,ATA,TU 736IOK,0
train_id_2333,8/23/2016,TU 0602 ,DJE,TUN,8/23/2016 4:30,2016-08-23 05.20.00,ATA,TU 736IOK,7
train_id_2334,8/23/2016,TU 3418 ,DJE,CDG,8/23/2016 4:50,2016-08-23 07.30.00,ATA,TU 32AIMI,11
train_id_2335,8/23/2016,TU 5012 ,MED,TOE,8/23/2016 6:00,2016-08-23 10.30.00,ATA,TU 332IFM,0
train_id_2336,8/23/2016,TU 0634 ,DJE,ORY,8/23/2016 6:05,2016-08-23 08.50.00,ATA,TU 736IOP,0
train_id_2337,8/23/2016,TU 0250 ,MIR,NCE,8/23/2016 6:00,2016-08-23 07.40.00,ATA,TU 736IOM,0
train_id_2338,8/23/2016,TU 0880 ,TUN,AMS,8/23/2016 5:55,2016-08-23 08.45.00,ATA,TU 736ION,25
train_id_2339,8/23/2016,TU 3253 ,CDG,TUN,8/23/2016 6:00,2016-08-23 08.30.00,ATA,5K 343TQY,0
train_id_2340,8/23/2016,TU 0602 ,TUN,ZRH,8/23/2016 6:10,2016-08-23 08.15.00,ATA,TU 736IOK,20
train_id_2341,8/23/2016,TU 0725 ,ORY,TUN,8/23/2016 6:00,2016-08-23 08.25.00,ATA,TU 32AIMD,9
train_id_2342,8/23/2016,TU 0814 ,CAI,TUN,8/23/2016 10:55,2016-08-23 14.10.00,ATA,TU 320IMR,39
train_id_2343,8/23/2016,AT 0696 ,NDR,DUS,8/23/2016 6:35,2016-08-23 09.40.00,ATA,TU 32AIMM,0
train_id_2344,8/23/2016,TU 0226 ,TUN,BEG,8/23/2016 6:15,2016-08-23 08.25.00,ATA,TU 320IMV,32
train_id_2345,8/23/2016,TU 7240 ,MIR,PRG,8/23/2016 7:00,2016-08-23 09.40.00,ATA,TU 31AIMJ,0
train_id_2346,8/23/2016,TU 0930 ,TUN,MRS,8/23/2016 6:25,2016-08-23 08.00.00,ATA,TU 32AIMF,51
train_id_2347,8/23/2016,TU 0711 ,TUN,CMN,8/23/2016 7:00,2016-08-23 09.40.00,ATA,TU 31BIMO,37
train_id_2348,8/23/2016,TU 0716 ,TUN,ORY,8/23/2016 6:50,2016-08-23 09.10.00,ATA,5M 343SUN,50
train_id_2349,8/23/2016,TU 0248 ,TUN,PRG,8/23/2016 7:10,2016-08-23 09.45.00,ATA,TU 320IMS,8
train_id_2350,8/23/2016,AT 0668 ,OUD,AMS,8/23/2016 6:45,2016-08-23 10.00.00,ATA,TU 32AIMN,0
train_id_2351,8/23/2016,AT 0678 ,NDR,BRU,8/23/2016 7:00,2016-08-23 09.50.00,ATA,TU 32AIMP,0
train_id_2352,8/23/2016,TU 0726 ,MIR,BRU,8/23/2016 7:25,2016-08-23 10.15.00,ATA,TU 736IOL,45
train_id_2353,8/23/2016,TU 0727 ,BRU,MIR,8/23/2016 11:05,2016-08-23 13.55.00,ATA,TU 736IOL,55
train_id_2354,8/23/2016,TU 0727 ,MIR,DJE,8/23/2016 14:40,2016-08-23 15.25.00,ATA,TU 736IOL,9
train_id_2355,8/23/2016,TU 0813 ,TUN,CAI,8/23/2016 7:05,2016-08-23 10.05.00,ATA,TU 320IMR,15
train_id_2356,8/23/2016,TU 3419 ,CDG,DJE,8/23/2016 8:05,2016-08-23 10.55.00,ATA,TU 32AIMI,21
train_id_2357,8/23/2016,TU 0931 ,MRS,TUN,8/23/2016 8:50,2016-08-23 10.25.00,ATA,TU 32AIMF,36
train_id_2358,8/23/2016,TU 0752 ,TUN,FCO,8/23/2016 7:55,2016-08-23 09.20.00,ATA,TU 32AIMH,0
train_id_2359,8/23/2016,TU 0788 ,TUN,BRU,8/23/2016 7:30,2016-08-23 10.05.00,ATA,TU 320IMU,31
train_id_2360,8/23/2016,TU 0996 ,TUN,NCE,8/23/2016 7:50,2016-08-23 09.20.00,ATA,TU 320IMW,16
train_id_2361,8/23/2016,TU 0514 ,TUN,BCN,8/23/2016 8:05,2016-08-23 09.50.00,ATA,TU 32AIML,0
train_id_2362,8/23/2016,TU 3030 ,MIR,LYS,8/23/2016 7:55,2016-08-23 09.55.00,ATA,TU 320IMT,26
train_id_2363,8/23/2016,TU 0850 ,TUN,LYS,8/23/2016 13:20,2016-08-23 15.10.00,ATA,TU 32AIML,145
train_id_2364,8/23/2016,TU 0745 ,FRA,TUN,8/23/2016 12:25,2016-08-23 14.45.00,ATA,TU 31BIMQ,7
train_id_2365,8/23/2016,TU 0756 ,TUN,MXP,8/23/2016 12:30,2016-08-23 14.15.00,ATA,TU 320IMW,6
train_id_2366,8/23/2016,TU 0902 ,TUN,MRS,8/23/2016 13:55,2016-08-23 15.30.00,ATA,TU 320IMS,49
train_id_2367,8/23/2016,TU 9111 ,MIR,TOE,8/23/2016 13:10,2016-08-23 14.05.00,ATA,TU 736IOM,0
train_id_2368,8/23/2016,TU 0719 ,ORY,TUN,8/23/2016 12:40,2016-08-23 15.05.00,ATA,TU 32AIMD,25
train_id_2369,8/24/2016,TU 0790 ,TUN,LGW,8/24/2016 6:15,2016-08-24 08.55.00,ATA,TU 31BIMQ,7
train_id_2370,8/23/2016,TU 7236 ,MIR,BRQ,8/23/2016 13:45,2016-08-23 16.15.00,ATA,TU 31AIMJ,10
train_id_2371,8/23/2016,TU 0628 ,TUN,BOD,8/23/2016 13:20,2016-08-23 15.30.00,ATA,TU 736ION,53
train_id_2372,8/23/2016,TU 0282 ,TUN,TLS,8/23/2016 13:20,2016-08-23 15.15.00,ATA,TU 736IOR,35
train_id_2373,8/23/2016,TU 0700 ,TUN,GVA,8/23/2016 13:25,2016-08-23 15.20.00,ATA,TU 320IMT,15
train_id_2374,8/23/2016,TU 2300 ,DJE,MIR,8/23/2016 14:00,2016-08-23 14.45.00,ATA,TU 736IOK,0
train_id_2375,8/23/2016,TU 0216 ,TUN,IST,8/23/2016 15:55,2016-08-23 18.30.00,ATA,TU 32AIMD,40
train_id_2376,8/23/2016,TU 0790 ,TUN,LHR,8/23/2016 12:50,2016-08-23 15.55.00,ATA,TU 32AIMH,116
train_id_2377,8/23/2016,TU 0374 ,TUN,ALG,8/23/2016 13:45,2016-08-23 15.05.00,ATA,TU 320IMV,23
train_id_2378,8/23/2016,TU 3016 ,DJE,CDG,8/23/2016 13:55,2016-08-23 16.45.00,ATA,TU 31AIMK,8
train_id_2379,8/23/2016,TU 3015 ,CDG,MIR,8/23/2016 15:30,2016-08-23 18.05.00,ATA,TU 32AIMI,40
train_id_2380,8/23/2016,TU 0397 ,TUN,OUA,8/23/2016 15:15,2016-08-23 19.35.00,ATA,TU 320IMU,26
train_id_2381,8/23/2016,TU 2700 ,TUN,LYS,8/23/2016 19:00,2016-08-23 20.55.00,ATA,TU 736ION,70
train_id_2382,8/23/2016,TU 2701 ,LYS,TUN,8/23/2016 22:50,2016-08-24 00.30.00,ATA,TU 736ION,0
train_id_2383,8/23/2016,TU 0851 ,LYS,TUN,8/23/2016 16:00,2016-08-23 17.55.00,ATA,TU 32AIML,136
train_id_2384,8/23/2016,TU 0395 ,TUN,BKO,8/23/2016 15:20,2016-08-23 20.05.00,ATA,TU 320IMR,70
train_id_2385,8/23/2016,TU 0375 ,ALG,TUN,8/23/2016 16:05,2016-08-23 17.15.00,ATA,TU 320IMV,40
train_id_2386,8/23/2016,TU 0721 ,ORY,TUN,8/23/2016 15:45,2016-08-23 18.10.00,ATA,TU 32AIMF,0
train_id_2387,8/23/2016,TU 0701 ,GVA,TUN,8/23/2016 16:10,2016-08-23 18.05.00,ATA,TU 320IMT,10
train_id_2388,8/23/2016,TU 0283 ,TLS,TUN,8/23/2016 16:05,2016-08-23 18.00.00,ATA,TU 736IOR,25
train_id_2389,8/23/2016,AT 0684 ,NDR,AMS,8/23/2016 15:05,2016-08-23 18.15.00,ATA,TU 32AIMN,25
train_id_2390,8/23/2016,TU 0705 ,TUN,CMN,8/23/2016 16:00,2016-08-23 18.40.00,ATA,TU 31BIMQ,16
train_id_2391,8/23/2016,TU 0629 ,BOD,TUN,8/23/2016 16:25,2016-08-23 18.35.00,ATA,TU 736ION,28
train_id_2392,8/23/2016,TU 7237 ,BRQ,OSR,8/23/2016 17:05,2016-08-23 17.40.00,ATA,TU 31AIMJ,0
train_id_2393,8/23/2016,TU 3029 ,NCE,TUN,8/23/2016 23:15,2016-08-24 00.35.00,ATA,TU 32AIML,0
train_id_2394,8/23/2016,TU 0999 ,NCE,TUN,8/23/2016 16:40,2016-08-23 18.10.00,ATA,TU 32AIMG,27
train_id_2395,8/23/2016,TU 3050 ,DJE,CDG,8/23/2016 17:05,2016-08-23 19.55.00,ATA,TU 736IOL,0
train_id_2396,8/23/2016,TU 0853 ,FCO,TUN,8/23/2016 17:15,2016-08-23 18.30.00,ATA,TU 31BIMO,10
train_id_2397,8/23/2016,TU 0437 ,CDG,TOE,8/23/2016 18:25,2016-08-23 21.20.00,ATA,TU 736IOM,24
train_id_2398,8/23/2016,TU 3017 ,CDG,MIR,8/23/2016 17:35,2016-08-23 20.10.00,ATA,TU 31AIMK,0
train_id_2399,8/23/2016,TU 3018 ,TUN,CDG,8/23/2016 17:45,2016-08-23 20.05.00,ATA,TU 320IMW,28
train_id_2400,8/23/2016,TU 7237 ,OSR,MIR,8/23/2016 18:30,2016-08-23 21.00.00,ATA,TU 31AIMJ,0
train_id_2401,8/23/2016,TU 2301 ,MXP,MIR,8/23/2016 18:15,2016-08-23 20.15.00,ATA,TU 736IOK,0
train_id_2402,8/23/2016,TU 5009 ,MIR,MED,8/23/2016 18:15,2016-08-23 22.15.00,ATA,TU 332IFN,0
train_id_2403,8/23/2016,TU 0723 ,ORY,TUN,8/23/2016 17:50,2016-08-23 20.15.00,ATA,5K 343TQY,25
train_id_2404,8/23/2016,TU 0724 ,TUN,ORY,8/23/2016 18:20,2016-08-23 20.40.00,ATA,TU 320IMV,37
train_id_2405,8/23/2016,TU 3196 ,MIR,CDG,8/23/2016 19:00,2016-08-23 21.35.00,ATA,TU 32AIMI,28
train_id_2406,8/24/2016,TU 3450 ,MIR,LYS,8/24/2016 2:30,2016-08-24 04.30.00,ATA,TU 32AIMG,0
train_id_2407,8/23/2016,TU 3024 ,TUN,LYS,8/23/2016 18:55,2016-08-23 20.45.00,ATA,TU 32AIMF,60
train_id_2408,8/23/2016,TU 3254 ,TUN,CDG,8/23/2016 19:20,2016-08-23 21.40.00,ATA,TU 32AIMG,40
train_id_2409,8/23/2016,TU 0706 ,CMN,TUN,8/23/2016 19:35,2016-08-23 21.55.00,ATA,TU 31BIMQ,0
train_id_2410,8/23/2016,AT 0695 ,FRA,NDR,8/23/2016 18:30,2016-08-23 21.30.00,ATA,TU 32AIMM,0
train_id_2411,6/8/2016,TU 0701 ,TUN,DJE,6/8/2016 13:55,2016-06-08 14.50.00,ATA,TU 32AIMN,0
train_id_2412,6/8/2016,TU 0216 ,TUN,IST,6/8/2016 15:55,2016-06-08 18.30.00,ATA,TU 736ION,29
train_id_2413,6/9/2016,TU 0914 ,MED,TUN,6/9/2016 0:45,2016-06-09 05.25.00,ATA,TU 332IFM,0
train_id_2414,6/9/2016,TU 0714 ,JED,TUN,6/9/2016 0:30,2016-06-09 05.25.00,ATA,TU 320IMV,7
train_id_2415,6/9/2016,TU 6028 ,JED,TOE,6/9/2016 2:15,2016-06-09 07.20.00,ATA,TU 320IMU,16
train_id_2416,6/9/2016,TU 0734 ,DJE,TOE,6/9/2016 13:50,2016-06-09 14.30.00,ATA,TU 31AIMK,0
train_id_2417,6/9/2016,TU 0722 ,TUN,ORY,6/9/2016 13:55,2016-06-09 16.20.00,ATA,TU 31BIMO,0
train_id_2418,6/9/2016,TU 0642 ,TUN,VIE,6/9/2016 13:45,2016-06-09 16.00.00,ATA,TU 32AIMF,5
train_id_2419,6/9/2016,TU 0251 ,NCE,MIR,6/9/2016 14:30,2016-06-09 16.15.00,ATA,TU 31AIMJ,0
train_id_2420,6/9/2016,TU 9038 ,TUN,DJE,6/9/2016 14:30,2016-06-09 15.20.00,ATA,TU 32AIMG,0
train_id_2421,6/9/2016,TU 0721 ,ORY,TUN,6/9/2016 15:45,2016-06-09 18.10.00,ATA,TU 32AIMI,31
train_id_2422,6/9/2016,TU 0397 ,TUN,ABJ,6/9/2016 15:15,2016-06-09 20.35.00,ATA,TU 320IMS,16
train_id_2423,6/9/2016,TU 0734 ,TOE,ORY,6/9/2016 15:20,2016-06-09 18.00.00,ATA,TU 31AIMK,0
train_id_2424,6/9/2016,TU 0395 ,TUN,BKO,6/9/2016 15:20,2016-06-09 20.05.00,ATA,TU 320IMT,16
train_id_2425,6/9/2016,TU 0375 ,ALG,TUN,6/9/2016 16:05,2016-06-09 17.15.00,ATA,TU 32AIMM,0
train_id_2426,6/9/2016,TU 0216 ,TUN,IST,6/9/2016 15:55,2016-06-09 18.30.00,ATA,TU 32AIML,0
train_id_2427,6/9/2016,TU 9004 ,MIR,DJE,6/9/2016 17:05,2016-06-09 17.45.00,ATA,TU 31AIMJ,0
train_id_2428,6/9/2016,TU 0431 ,LYS,MIR,6/9/2016 15:55,2016-06-09 18.00.00,ATA,TU 736IOR,24
train_id_2429,6/9/2016,TU 0903 ,MRS,TUN,6/9/2016 16:35,2016-06-09 18.10.00,ATA,TU 320IMU,0
train_id_2430,6/9/2016,TU 0851 ,LYS,TUN,6/9/2016 16:00,2016-06-09 17.55.00,ATA,TU 736IOL,20
train_id_2431,6/9/2016,UG 1311 ,CDG,TUN,6/9/2016 17:05,2016-06-09 19.20.00,DEP,TU CR9ISA,30
train_id_2432,6/9/2016,TU 0209 ,NTE,TUN,6/9/2016 16:30,2016-06-09 18.50.00,ATA,TU 736ION,5
train_id_2433,6/9/2016,TU 0563 ,TUN,NKC,6/9/2016 18:45,2016-06-09 23.40.00,ATA,TU 320IMR,21
train_id_2434,6/9/2016,TU 0713 ,TUN,JED,6/9/2016 18:55,2016-06-09 23.10.00,ATA,TU 332IFN,19
train_id_2435,6/9/2016,TU 0396 ,BKO,DKR,6/9/2016 20:55,2016-06-09 22.35.00,ATA,TU 320IMT,55
train_id_2436,6/9/2016,TU 0397 ,ABJ,OUA,6/9/2016 21:25,2016-06-09 22.50.00,ATA,TU 320IMS,40
train_id_2437,6/9/2016,TU 0396 ,DKR,TUN,6/9/2016 23:25,2016-06-10 04.05.00,ATA,TU 320IMT,148
train_id_2438,6/9/2016,TU 0398 ,OUA,TUN,6/9/2016 23:40,2016-06-10 03.55.00,ATA,TU 320IMS,25
train_id_2439,6/10/2016,TU 0564 ,NKC,TUN,6/10/2016 0:30,2016-06-10 04.45.00,ATA,TU 320IMR,29
train_id_2440,6/9/2016,TU 0217 ,IST,TUN,6/9/2016 19:35,2016-06-09 22.20.00,ATA,TU 32AIML,0
train_id_2441,6/9/2016,TU 0735 ,TOE,DJE,6/9/2016 22:15,2016-06-09 22.55.00,ATA,TU 31AIMK,0
train_id_2442,6/10/2016,TU 0714 ,JED,TUN,6/10/2016 0:30,2016-06-10 05.25.00,ATA,TU 332IFN,22
train_id_2443,6/10/2016,TU 6152 ,MIR,BUD,6/10/2016 4:00,2016-06-10 06.20.00,ATA,TU 736IOK,0
train_id_2444,6/10/2016,TU 0498 ,DJE,MUC,6/10/2016 4:10,2016-06-10 06.45.00,ATA,TU 32AIMN,0
train_id_2445,6/10/2016,TU 6550 ,DJE,SXF,6/10/2016 5:10,2016-06-10 08.25.00,ATA,TU 736IOR,0
train_id_2446,6/10/2016,TU 0466 ,DJE,HAM,6/10/2016 5:30,2016-06-10 08.40.00,ATA,TU 31AIMK,0
train_id_2447,6/10/2016,TU 0880 ,TUN,AMS,6/10/2016 5:50,2016-06-10 08.40.00,ATA,TU 736IOL,0
train_id_2448,6/10/2016,TU 0634 ,DJE,ORY,6/10/2016 6:05,2016-06-10 08.50.00,ATA,TU 31AIMJ,0
train_id_2449,6/10/2016,TU 0930 ,TUN,MRS,6/10/2016 6:25,2016-06-10 08.00.00,ATA,TU 31BIMQ,0
train_id_2450,6/10/2016,TU 0538 ,DJE,TUN,6/10/2016 6:30,2016-06-10 07.20.00,ATA,TU 32AIMG,0
train_id_2451,6/10/2016,TU 6548 ,TUN,HAM,6/10/2016 6:30,2016-06-10 09.25.00,ATA,TU 32AIMM,0
train_id_2452,6/10/2016,TU 0282 ,TUN,TLS,6/10/2016 6:50,2016-06-10 08.45.00,ATA,TU 736ION,5
train_id_2453,6/10/2016,TU 0716 ,TUN,ORY,6/10/2016 6:50,2016-06-10 09.10.00,ATA,TU 32AIMI,13
train_id_2454,6/10/2016,TU 0711 ,TUN,CMN,6/10/2016 7:00,2016-06-10 09.40.00,ATA,TU 320IMV,0
train_id_2455,6/10/2016,TU 6153 ,BUD,MIR,6/10/2016 7:10,2016-06-10 09.35.00,ATA,TU 736IOK,0
train_id_2456,6/10/2016,TU 0788 ,TUN,BRU,6/10/2016 7:30,2016-06-10 10.05.00,ATA,TU 320IMW,0
train_id_2457,6/10/2016,TU 0628 ,TUN,BOD,6/10/2016 7:15,2016-06-10 09.25.00,ATA,TU 32AIMF,0
train_id_2458,6/10/2016,TU 0752 ,TUN,FCO,6/10/2016 8:00,2016-06-10 09.20.00,ATA,TU 31BIMO,0
train_id_2459,6/10/2016,TU 0996 ,TUN,NCE,6/10/2016 7:50,2016-06-10 09.20.00,ATA,TU 320IMU,0
train_id_2460,6/10/2016,TU 0515 ,BCN,TUN,6/10/2016 10:40,2016-06-10 12.15.00,ATA,TU 32AIML,15
train_id_2461,6/10/2016,TU 0629 ,BOD,TUN,6/10/2016 10:10,2016-06-10 12.20.00,ATA,TU 32AIMF,0
train_id_2462,6/10/2016,TU 0997 ,NCE,TUN,6/10/2016 10:15,2016-06-10 11.50.00,ATA,TU 320IMU,0
train_id_2463,6/10/2016,TU 6548 ,HAM,SXF,6/10/2016 10:15,2016-06-10 11.05.00,ATA,TU 32AIMM,5
train_id_2464,6/10/2016,TU 0753 ,FCO,TUN,6/10/2016 10:20,2016-06-10 11.35.00,ATA,TU 31BIMO,7
train_id_2465,6/10/2016,TU 0712 ,CMN,TUN,6/10/2016 10:35,2016-06-10 12.55.00,ATA,TU 320IMV,0
train_id_2466,6/10/2016,TU 0717 ,ORY,TUN,6/10/2016 10:15,2016-06-10 12.40.00,ATA,TU 32AIMI,21
train_id_2467,6/10/2016,TU 0789 ,BRU,TUN,6/10/2016 11:00,2016-06-10 13.35.00,ATA,TU 320IMW,0
train_id_2468,6/10/2016,TU 0902 ,TUN,MRS,6/10/2016 11:25,2016-06-10 13.00.00,ATA,TU 320IMR,0
train_id_2469,6/10/2016,TU 6549 ,SXF,TUN,6/10/2016 11:55,2016-06-10 14.40.00,ATA,TU 32AIMM,0
train_id_2470,6/10/2016,TU 0246 ,TUN,SXB,6/10/2016 13:35,2016-06-10 15.55.00,ATA,TU 32AIMF,15
train_id_2471,6/10/2016,TU 0722 ,TUN,ORY,6/10/2016 13:55,2016-06-10 16.20.00,ATA,TU 32AIMI,6
train_id_2472,6/10/2016,TU 0554 ,DJE,SXB,6/10/2016 14:30,2016-06-10 17.15.00,ATA,TU 31AIMK,0
train_id_2473,6/10/2016,TU 0606 ,TUN,MAD,6/10/2016 14:30,2016-06-10 16.35.00,ATA,TU 736IOL,0
train_id_2474,6/10/2016,TU 0734 ,MIR,ORY,6/10/2016 15:00,2016-06-10 17.25.00,ATA,TU 31AIMJ,0
train_id_2475,6/10/2016,TU 0539 ,TUN,DJE,6/10/2016 15:20,2016-06-10 16.15.00,ATA,TU 32AIMG,0
train_id_2476,6/10/2016,TU 0375 ,ALG,TUN,6/10/2016 16:05,2016-06-10 17.15.00,ATA,TU 32AIML,0
train_id_2477,6/10/2016,TU 0649 ,FRA,DJE,6/10/2016 17:00,2016-06-10 19.50.00,ATA,TU 736IOR,0
train_id_2478,6/10/2016,TU 0555 ,SXB,DJE,6/10/2016 18:05,2016-06-10 20.45.00,ATA,TU 31AIMK,0
train_id_2479,6/10/2016,TU 0723 ,ORY,TUN,6/10/2016 17:50,2016-06-10 20.20.00,ATA,TU 32AIMI,0
train_id_2480,6/10/2016,TU 0724 ,TUN,ORY,6/10/2016 18:20,2016-06-10 20.40.00,ATA,TU 32AIMM,0
train_id_2481,6/10/2016,TU 0713 ,TUN,JED,6/10/2016 18:55,2016-06-10 23.10.00,ATA,TU 320IMT,19
train_id_2482,6/10/2016,TU 0217 ,IST,TUN,6/10/2016 19:35,2016-06-10 22.20.00,ATA,TU 320IMW,2
train_id_2483,6/10/2016,TU 0913 ,TUN,MED,6/10/2016 19:40,2016-06-10 23.40.00,ATA,TU 332IFM,15
train_id_2484,6/11/2016,TU 0914 ,MED,TUN,6/11/2016 0:45,2016-06-11 05.25.00,ATA,TU 332IFM,0
train_id_2485,6/11/2016,TU 0714 ,JED,TUN,6/11/2016 0:30,2016-06-11 05.25.00,ATA,TU 320IMT,22
train_id_2486,6/11/2016,TU 9014 ,TUN,NBE,6/11/2016 3:40,2016-06-11 04.20.00,ATA,TU 736IOL,0
train_id_2487,6/11/2016,TU 4750 ,DJE,VIE,6/11/2016 5:45,2016-06-11 08.25.00,ATA,TU 736IOR,0
train_id_2488,6/11/2016,TU 0634 ,DJE,ORY,6/11/2016 6:05,2016-06-11 08.50.00,ATA,TU 31AIMK,0
train_id_2489,6/11/2016,TU 0552 ,NBE,HAM,6/11/2016 6:40,2016-06-11 09.35.00,ATA,TU 32AIML,0
train_id_2490,6/11/2016,TU 0540 ,NBE,DUS,6/11/2016 6:50,2016-06-11 09.40.00,ATA,TU 736ION,0
train_id_2491,6/11/2016,TU 0716 ,TUN,TUN,6/11/2016 6:50,2016-06-11 09.10.00,RTR,TU 320IMU,0
train_id_2492,6/11/2016,TU 0716 ,TUN,ORY,6/11/2016 6:50,2016-06-11 09.10.00,ATA,TU 320IMU,119
train_id_2493,6/11/2016,TU 0788 ,TUN,BRU,6/11/2016 7:30,2016-06-11 10.05.00,ATA,TU 320IMW,0
train_id_2494,6/11/2016,TU 9002 ,DJE,TUN,6/11/2016 14:50,2016-06-11 15.40.00,ATA,TU 32AIMG,0
train_id_2495,6/11/2016,TU 0752 ,TUN,FCO,6/11/2016 7:55,2016-06-11 09.20.00,ATA,TU 320IMT,0
train_id_2496,6/11/2016,TU 0719 ,ORY,TUN,6/11/2016 12:40,2016-06-11 15.05.00,ATA,TU 32AIMM,7
train_id_2497,6/11/2016,TU 0727 ,MIR,DJE,6/11/2016 13:20,2016-06-11 14.00.00,ATA,TU 32AIMG,0
train_id_2498,6/11/2016,TU 0701 ,TUN,DJE,6/11/2016 13:45,2016-06-11 14.40.00,ATA,TU 32AIMN,0
train_id_2499,6/11/2016,TU 0709 ,ORN,TUN,6/11/2016 16:00,2016-06-11 17.40.00,ATA,TU 320IMR,0
train_id_2500,6/11/2016,TU 0851 ,LYS,TUN,6/11/2016 16:00,2016-06-11 17.55.00,ATA,TU 31BIMO,0
train_id_2501,6/11/2016,TU 0814 ,CAI,TUN,6/11/2016 18:25,2016-06-11 21.40.00,ATA,TU 31BIMQ,135
train_id_2502,6/11/2016,TU 0375 ,ALG,TUN,6/11/2016 16:05,2016-06-11 17.15.00,ATA,TU 32AIMF,40
train_id_2503,6/11/2016,TU 0485 ,ZRH,TUN,6/11/2016 17:00,2016-06-11 19.10.00,ATA,TU 736IOK,0
train_id_2504,6/11/2016,TU 0791 ,LHR,TUN,6/11/2016 16:55,2016-06-11 19.50.00,ATA,TU 320IMS,9
train_id_2505,6/11/2016,TU 0319 ,LIS,TUN,6/11/2016 18:20,2016-06-11 21.00.00,ATA,TU 320IMU,17
train_id_2506,6/11/2016,TU 0723 ,ORY,TUN,6/11/2016 17:50,2016-06-11 20.15.00,ATA,TU 320IMW,0
train_id_2507,6/11/2016,TU 9007 ,NBE,TUN,6/11/2016 18:50,2016-06-11 19.25.00,ATA,TU 736IOL,0
train_id_2508,6/11/2016,TU 0485 ,TUN,DJE,6/11/2016 19:55,2016-06-11 20.50.00,ATA,TU 736IOK,0
train_id_2509,6/12/2016,TU 6034 ,JED,TUN,6/12/2016 4:15,2016-06-12 09.15.00,ATA,TU 320IMT,0
train_id_2510,6/12/2016,TU 0430 ,DJE,LYS,6/12/2016 5:20,2016-06-12 07.40.00,ATA,TU 736IOR,10
train_id_2511,6/12/2016,TU 0431 ,LYS,DJE,6/12/2016 8:30,2016-06-12 10.45.00,ATA,TU 736IOR,13
train_id_2512,6/13/2016,TU 8300 ,DJE,FRA,6/13/2016 5:35,2016-06-13 08.35.00,ATA,TU 736ION,25
train_id_2513,6/12/2016,TU 8539 ,LIS,DJE,6/12/2016 12:05,2016-06-12 15.00.00,ATA,TU 736IOK,62
train_id_2514,6/12/2016,TU 0694 ,DJE,MRS,6/12/2016 12:25,2016-06-12 14.25.00,ATA,TU 736IOR,0
train_id_2515,6/12/2016,TU 0634 ,DJE,ORY,6/12/2016 12:30,2016-06-12 15.10.00,ATA,TU 31AIMK,0
train_id_2516,6/12/2016,TU 0719 ,ORY,TUN,6/12/2016 12:40,2016-06-12 15.05.00,ATA,TU 32AIML,0
train_id_2517,6/12/2016,TU 0850 ,TUN,LYS,6/12/2016 13:20,2016-06-12 15.10.00,ATA,TU 32AIMM,0
train_id_2518,6/12/2016,TU 0722 ,TUN,ORY,6/12/2016 14:30,2016-06-12 16.50.00,ATA,TU 32AIMN,0
train_id_2519,6/12/2016,UG 0008 ,TUN,DJE,6/12/2016 14:30,2016-06-12 15.30.00,ATA,TU 320IMW,30
train_id_2520,6/12/2016,TU 0757 ,MXP,TUN,6/12/2016 15:05,2016-06-12 17.00.00,ATA,TU 32AIMF,0
train_id_2521,6/12/2016,TU 0853 ,FCO,TUN,6/12/2016 16:50,2016-06-12 18.05.00,ATA,TU 32AIMD,0
train_id_2522,6/12/2016,UG 1311 ,SFA,TUN,6/12/2016 17:00,2016-06-12 17.30.00,DEP,TU CR9ISA,0
train_id_2523,6/12/2016,TU 0607 ,MAD,TUN,6/12/2016 17:25,2016-06-12 19.30.00,ATA,TU 31BIMQ,0
train_id_2524,6/12/2016,TU 0724 ,TUN,TUN,6/12/2016 18:20,2016-06-12 20.40.00,ATA,TU 32AIMF,0
train_id_2525,6/12/2016,TU 0724 ,TUN,CDG,6/12/2016 19:50,2016-06-12 22.10.00,ATA,TU 32AIMM,60
train_id_2526,6/12/2016,TU 0217 ,IST,TUN,6/12/2016 20:10,2016-06-12 22.55.00,ATA,TU 32AIML,0
train_id_2527,6/13/2016,TU 9020 ,CDG,ORY,6/13/2016 6:45,2016-06-13 07.25.00,ATA,TU 32AIMM,0
train_id_2528,6/13/2016,TU 0725 ,ORY,TUN,6/13/2016 6:00,2016-06-13 08.25.00,ATA,TU 32AIMM,155
train_id_2529,6/13/2016,TU 0430 ,DJE,TUN,6/13/2016 6:25,2016-06-13 07.15.00,ATA,TU 736IOK,0
train_id_2530,6/13/2016,TU 0527 ,DUS,TUN,6/13/2016 10:00,2016-06-13 12.40.00,ATA,TU 736IOL,13
train_id_2531,6/13/2016,TU 0745 ,FRA,TUN,6/13/2016 10:20,2016-06-13 12.45.00,ATA,TU 32AIMP,7
train_id_2532,6/13/2016,TU 0554 ,DJE,TUN,6/13/2016 12:00,2016-06-13 12.50.00,ATA,TU 736IOR,25
train_id_2533,6/13/2016,TU 0431 ,TUN,DJE,6/13/2016 13:20,2016-06-13 14.15.00,ATA,TU 736IOK,0
train_id_2534,6/13/2016,TU 0708 ,TUN,ORN,6/13/2016 13:25,2016-06-13 15.10.00,ATA,TU 32AIML,0
train_id_2535,6/13/2016,TU 0282 ,TUN,TLS,6/13/2016 13:20,2016-06-13 15.15.00,ATA,TU 32AIMD,13
train_id_2536,6/13/2016,TU 0734 ,DJE,MIR,6/13/2016 13:30,2016-06-13 14.10.00,ATA,TU 31AIMK,13
train_id_2537,6/13/2016,TU 0903 ,MRS,TUN,6/13/2016 13:50,2016-06-13 15.25.00,ATA,TU 32AIMM,0
train_id_2538,6/13/2016,TU 0374 ,TUN,ALG,6/13/2016 13:45,2016-06-13 15.05.00,ATA,TU 32AIMI,7
train_id_2539,6/13/2016,TU 0554 ,TUN,SXB,6/13/2016 13:35,2016-06-13 15.55.00,ATA,TU 736IOR,49
train_id_2540,6/13/2016,TU 0216 ,TUN,IST,6/13/2016 16:00,2016-06-13 18.30.00,ATA,TU 320IMU,7
train_id_2541,6/13/2016,TU 0791 ,LGW,TUN,6/13/2016 16:05,2016-06-13 18.45.00,ATA,TU 31BIMO,36
train_id_2542,6/13/2016,TU 0283 ,TLS,TUN,6/13/2016 16:05,2016-06-13 18.00.00,ATA,TU 32AIMD,15
train_id_2543,6/13/2016,TU 0709 ,ORN,TUN,6/13/2016 16:00,2016-06-13 17.40.00,ATA,TU 32AIML,18
train_id_2544,6/13/2016,TU 0814 ,CAI,TUN,6/13/2016 18:35,2016-06-13 21.50.00,ATA,TU 31BIMQ,0
train_id_2545,6/13/2016,TU 0913 ,TUN,MED,6/13/2016 19:40,2016-06-13 23.40.00,ATA,TU 332IFM,30
train_id_2546,6/13/2016,TU 0555 ,TUN,DJE,6/13/2016 19:40,2016-06-13 20.35.00,ATA,TU 736IOR,35
train_id_2547,6/13/2016,TU 0735 ,MIR,DJE,6/13/2016 21:35,2016-06-13 22.15.00,ATA,TU 31AIMK,0
train_id_2548,6/14/2016,TU 0226 ,TUN,BEG,6/14/2016 6:15,2016-06-14 08.25.00,ATA,TU 320IMV,11
train_id_2549,6/14/2016,TU 0930 ,TUN,MRS,6/14/2016 6:25,2016-06-14 08.00.00,ATA,TU 32AIML,0
train_id_2550,6/14/2016,TU 0716 ,TUN,ORY,6/14/2016 6:50,2016-06-14 09.10.00,ATA,TU 32AIMG,5
train_id_2551,6/14/2016,TU 0248 ,TUN,PRG,6/14/2016 7:10,2016-06-14 09.45.00,ATA,TU 32AIMN,0
train_id_2552,6/14/2016,TU 0726 ,MIR,BRU,6/14/2016 7:25,2016-06-14 10.15.00,ATA,TU 736IOR,0
train_id_2553,6/14/2016,TU 0931 ,MRS,TUN,6/14/2016 8:50,2016-06-14 10.25.00,ATA,TU 32AIML,0
train_id_2554,6/14/2016,TU 0603 ,ZRH,DJE,6/14/2016 9:10,2016-06-14 11.45.00,ATA,TU 736IOK,0
train_id_2555,6/14/2016,TU 0227 ,BEG,TUN,6/14/2016 9:15,2016-06-14 11.15.00,ATA,TU 320IMV,0
train_id_2556,6/14/2016,TU 0789 ,BRU,TUN,6/14/2016 11:00,2016-06-14 13.40.00,ATA,TU 320IMW,0
train_id_2557,6/14/2016,TU 0635 ,ORY,TOE,6/14/2016 11:10,2016-06-14 13.55.00,ATA,TU 736ION,6
train_id_2558,6/14/2016,TU 0756 ,TUN,MXP,6/14/2016 12:30,2016-06-14 14.15.00,ATA,TU 320IMV,0
train_id_2559,6/14/2016,TU 0727 ,MIR,DJE,6/14/2016 14:40,2016-06-14 15.25.00,ATA,TU 736IOR,0
train_id_2560,6/14/2016,TU 0722 ,TUN,ORY,6/14/2016 13:55,2016-06-14 16.20.00,ATA,TU 320IMS,0
train_id_2561,6/14/2016,TU 0635 ,TOE,DJE,6/14/2016 14:40,2016-06-14 15.25.00,ATA,TU 736ION,0
train_id_2562,6/14/2016,TU 0757 ,MXP,TUN,6/14/2016 15:05,2016-06-14 16.55.00,ATA,TU 320IMV,0
train_id_2563,6/14/2016,TU 0375 ,ALG,TUN,6/14/2016 16:05,2016-06-14 17.15.00,ATA,TU 32AIMF,20
train_id_2564,6/14/2016,TU 0397 ,OUA,ABJ,6/14/2016 20:25,2016-06-14 21.50.00,ATA,TU 31BIMQ,45
train_id_2565,6/14/2016,TU 0398 ,ABJ,TUN,6/14/2016 22:40,2016-06-15 03.55.00,ATA,TU 31BIMQ,40
train_id_2566,6/14/2016,TU 0396 ,DKR,TUN,6/14/2016 23:25,2016-06-15 04.05.00,ATA,TU 31BIMO,56
train_id_2567,6/14/2016,TU 0396 ,BKO,DKR,6/14/2016 20:55,2016-06-14 22.35.00,ATA,TU 31BIMO,60
train_id_2568,6/14/2016,TU 6039 ,TUN,JED,6/14/2016 21:50,2016-06-15 02.15.00,ATA,TU 320IMU,0
train_id_2569,6/15/2016,TU 6040 ,JED,TUN,6/15/2016 3:15,2016-06-15 08.15.00,ATA,TU 320IMU,15
train_id_2570,6/15/2016,TU 0634 ,DJE,ORY,6/15/2016 6:05,2016-06-15 08.50.00,ATA,TU 736ION,0
train_id_2571,6/15/2016,TU 0790 ,TUN,LGW,6/15/2016 6:15,2016-06-15 08.55.00,ATA,TU 31BIMO,7
train_id_2572,6/15/2016,TU 0700 ,DJE,TUN,6/15/2016 6:40,2016-06-15 07.30.00,ATA,TU 32AIMI,0
train_id_2573,6/15/2016,TU 0930 ,TUN,MRS,6/15/2016 6:25,2016-06-15 08.00.00,ATA,TU 320IMW,4
train_id_2574,6/15/2016,TU 0526 ,TUN,DUS,6/15/2016 6:25,2016-06-15 09.10.00,ATA,TU 736IOK,13
train_id_2575,6/15/2016,TU 0542 ,TUN,MUC,6/15/2016 6:55,2016-06-15 09.10.00,ATA,TU 736IOL,0
train_id_2576,6/15/2016,TU 0711 ,TUN,CMN,6/15/2016 7:00,2016-06-15 09.40.00,ATA,TU 32AIMM,0
train_id_2577,6/15/2016,TU 0716 ,TUN,ORY,6/15/2016 6:50,2016-06-15 09.10.00,ATA,TU 320IMR,15
train_id_2578,6/15/2016,TU 0282 ,TUN,TLS,6/15/2016 6:50,2016-06-15 08.45.00,ATA,TU 31BIMQ,24
train_id_2579,6/15/2016,TU 0744 ,TUN,FRA,6/15/2016 7:05,2016-06-15 09.40.00,ATA,TU 32AIMF,5
train_id_2580,6/15/2016,TU 0700 ,TUN,GVA,6/15/2016 8:20,2016-06-15 10.15.00,ATA,TU 32AIMI,7
train_id_2581,6/15/2016,TU 0283 ,TLS,TUN,6/15/2016 9:35,2016-06-15 11.30.00,ATA,TU 31BIMQ,25
train_id_2582,6/15/2016,TU 0931 ,MRS,TUN,6/15/2016 8:50,2016-06-15 10.25.00,ATA,TU 320IMW,5
train_id_2583,6/15/2016,UG 1310 ,TUN,SFA,6/15/2016 9:00,2016-06-15 09.30.00,ATA,TU CR9ISA,0
train_id_2584,6/15/2016,TU 0527 ,DUS,TUN,6/15/2016 10:00,2016-06-15 12.40.00,ATA,TU 736IOK,0
train_id_2585,6/15/2016,TU 8956 ,MIR,LJU,6/15/2016 10:10,2016-06-15 12.10.00,ATA,TU 31AIMJ,0
train_id_2586,6/15/2016,TU 0543 ,MUC,TUN,6/15/2016 9:55,2016-06-15 12.05.00,ATA,TU 736IOL,9
train_id_2587,6/15/2016,TU 0791 ,LGW,TUN,6/15/2016 10:00,2016-06-15 12.50.00,ATA,TU 31BIMO,9
train_id_2588,6/15/2016,UG 1310 ,SFA,CDG,6/15/2016 10:15,2016-06-15 12.45.00,ATA,TU CR9ISA,0
train_id_2589,6/15/2016,TU 0712 ,CMN,TUN,6/15/2016 10:35,2016-06-15 13.00.00,ATA,TU 32AIMM,0
train_id_2590,6/15/2016,TU 0717 ,ORY,TUN,6/15/2016 10:15,2016-06-15 12.40.00,ATA,TU 320IMR,10
train_id_2591,6/15/2016,TU 0997 ,NCE,TUN,6/15/2016 10:15,2016-06-15 11.50.00,ATA,TU 32AIML,0
train_id_2592,6/15/2016,TU 0745 ,FRA,TUN,6/15/2016 10:30,2016-06-15 12.55.00,ATA,TU 32AIMF,30
train_id_2593,6/15/2016,TU 0753 ,FCO,TUN,6/15/2016 10:20,2016-06-15 11.35.00,ATA,TU 320IMV,7
train_id_2594,6/15/2016,TU 0857 ,MXP,TUN,6/15/2016 10:35,2016-06-15 12.30.00,ATA,TU 32AIMG,7
train_id_2595,6/15/2016,TU 0751 ,LYS,TUN,6/15/2016 10:40,2016-06-15 12.35.00,ATA,TU 320IMS,6
train_id_2596,6/15/2016,TU 0515 ,BCN,MAD,6/15/2016 10:40,2016-06-15 11.45.00,ATA,TU 32AIMN,12
train_id_2597,6/15/2016,TU 0701 ,GVA,TUN,6/15/2016 11:10,2016-06-15 13.05.00,ATA,TU 32AIMI,0
train_id_2598,6/15/2016,TU 0902 ,TUN,MRS,6/15/2016 11:25,2016-06-15 13.00.00,ATA,TU 320IMW,4
train_id_2599,6/15/2016,TU 0375 ,ALG,TUN,6/15/2016 16:05,2016-06-15 17.15.00,ATA,TU 32AIMG,0
train_id_2600,6/15/2016,TU 0216 ,TUN,IST,6/15/2016 15:55,2016-06-15 18.30.00,ATA,TU 32AIMM,23
train_id_2601,6/15/2016,TU 0723 ,ORY,TUN,6/15/2016 17:50,2016-06-15 20.15.00,ATA,TU 32AIML,0
train_id_2602,6/15/2016,UG 1311 ,SFA,TUN,6/15/2016 17:00,2016-06-15 17.30.00,DEP,TU CR9ISA,112
train_id_2603,6/15/2016,TU 0713 ,TUN,JED,6/15/2016 18:55,2016-06-15 23.10.00,ATA,TU 332IFN,0
train_id_2604,6/15/2016,TU 0217 ,IST,TUN,6/15/2016 19:35,2016-06-15 22.20.00,ATA,TU 32AIMM,0
train_id_2605,6/15/2016,TU 0913 ,TUN,MED,6/15/2016 19:40,2016-06-15 23.40.00,ATA,TU 320IMV,15
train_id_2606,6/16/2016,TU 0914 ,MED,TUN,6/16/2016 0:45,2016-06-16 05.25.00,ATA,TU 320IMV,5
train_id_2607,6/16/2016,TU 0714 ,JED,TUN,6/16/2016 0:30,2016-06-16 05.25.00,ATA,TU 332IFN,105
train_id_2608,6/16/2016,TU 0514 ,TUN,BCN,6/16/2016 8:05,2016-06-16 09.50.00,ATA,TU 32AIMM,0
train_id_2609,6/16/2016,TU 0708 ,TUN,ORN,6/16/2016 8:05,2016-06-16 09.55.00,ATA,TU 736IOL,19
train_id_2610,6/16/2016,TU 0856 ,TUN,MXP,6/16/2016 8:00,2016-06-16 09.45.00,ATA,TU 32AIMF,10
train_id_2611,6/16/2016,TU 0931 ,MRS,TUN,6/16/2016 8:50,2016-06-16 10.25.00,ATA,TU 32AIMN,0
train_id_2612,6/16/2016,TU 0722 ,TUN,ORY,6/16/2016 13:55,2016-06-16 16.20.00,ATA,TU 32AIMM,0
train_id_2613,1/2/2016,TU 6499 ,MUC,NBE,1/2/2016 9:20,2016-01-02 11.35.00,ATA,TU 32AIML,19
train_id_2614,1/2/2016,TU 0701 ,GVA,TUN,1/2/2016 10:20,2016-01-02 12.15.00,ATA,TU 320IMU,9
train_id_2615,1/4/2016,TU 0902 ,TUN,MRS,1/4/2016 13:15,2016-01-04 14.55.00,ATA,TU 736IOL,29
train_id_2616,1/10/2016,TU 0208 ,TUN,NTE,1/10/2016 7:15,2016-01-10 09.40.00,ATA,TU 736ION,8
train_id_2617,2/1/2016,TU 0250 ,MIR,NCE,2/1/2016 13:20,2016-02-01 15.05.00,ATA,TU 736IOQ,0
train_id_2618,2/9/2016,TU 0338 ,TUN,ALG,2/9/2016 14:30,2016-02-09 15.50.00,ATA,TU 320IMR,0
train_id_2619,2/21/2016,TU 0374 ,TUN,ALG,2/21/2016 8:15,2016-02-21 09.35.00,ATA,TU 32AIMH,8
train_id_2620,3/6/2016,TU 0847 ,TUN,BEY,3/6/2016 7:30,2016-03-06 10.40.00,ATA,TU 320IMW,9
train_id_2621,3/20/2016,TU 0745 ,FRA,TUN,3/20/2016 10:30,2016-03-20 12.55.00,ATA,TU 32AIML,25
train_id_2622,3/24/2016,TU 0813 ,TUN,CAI,3/24/2016 7:05,2016-03-24 10.10.00,ATA,TU 31BIMQ,24
train_id_2623,3/24/2016,TU 0716 ,TUN,ORY,3/24/2016 7:35,2016-03-24 09.55.00,ATA,TU 31BIMO,0
train_id_2624,3/26/2016,TU 0647 ,FRA,NBE,3/26/2016 17:15,2016-03-26 19.45.00,ATA,TU 736IOK,400
train_id_2625,3/28/2016,TU 9039 ,TUN,MIR,3/28/2016 11:45,2016-03-28 12.20.00,ATA,TU 32AIML,0
train_id_2626,3/28/2016,TU 0440 ,MIR,ORY,3/28/2016 11:00,2016-03-28 13.30.00,ATA,TU 736IOK,14
train_id_2627,4/14/2016,TU 0250 ,MIR,NCE,4/14/2016 12:00,2016-04-14 13.35.00,ATA,TU 31AIMK,0
train_id_2628,4/14/2016,TU 0756 ,TUN,MXP,4/14/2016 12:30,2016-04-14 14.15.00,ATA,TU 320IMV,0
train_id_2629,4/14/2016,TU 0720 ,TUN,ORY,4/14/2016 12:25,2016-04-14 14.45.00,ATA,TU 32AIMF,0
train_id_2630,5/30/2016,TU 0745 ,FRA,TUN,5/30/2016 10:20,2016-05-30 12.45.00,ATA,TU 320IMV,7
train_id_2631,6/1/2016,TU 0848 ,BEY,TUN,6/1/2016 9:40,2016-06-01 13.10.00,ATA,TU 31BIMQ,5
train_id_2632,6/1/2016,TU 6047 ,TUN,JED,6/1/2016 18:25,2016-06-01 22.50.00,ATA,TU 320IMV,0
train_id_2633,6/6/2016,TU 0753 ,FCO,TUN,6/6/2016 10:20,2016-06-06 11.35.00,ATA,TU 31BIMQ,0
train_id_2634,6/6/2016,TU 0857 ,MXP,TUN,6/6/2016 10:35,2016-06-06 12.25.00,ATA,TU 736ION,0
train_id_2635,6/6/2016,TU 0997 ,NCE,TUN,6/6/2016 10:15,2016-06-06 11.45.00,ATA,TU 320IMW,11
train_id_2636,6/6/2016,TU 0712 ,CMN,TUN,6/6/2016 10:35,2016-06-06 13.00.00,ATA,TU 32AIML,0
train_id_2637,6/6/2016,TU 0717 ,ORY,TUN,6/6/2016 10:15,2016-06-06 12.40.00,ATA,TU 32AIMG,19
train_id_2638,6/11/2016,TU 0484 ,DJE,TUN,6/11/2016 12:35,2016-06-11 13.25.00,ATA,TU 736IOK,0
train_id_2639,7/2/2016,TU 3523 ,BRU,MIR,7/2/2016 15:45,2016-07-02 18.35.00,ATA,TU 736IOL,15
train_id_2640,7/2/2016,TU 0903 ,MRS,TUN,7/2/2016 14:45,2016-07-02 16.20.00,ATA,TU 320IMU,32
train_id_2641,7/3/2016,TU 0929 ,MRS,TUN,7/3/2016 20:15,2016-07-03 21.50.00,ATA,TU 31BIMQ,38
train_id_2642,7/8/2016,TU 0539 ,DUS,DJE,7/8/2016 10:35,2016-07-08 13.40.00,ATA,TU 736IOP,115
train_id_2643,7/8/2016,TU 0629 ,BOD,TUN,7/8/2016 10:10,2016-07-08 12.20.00,ATA,TU 736ION,4
train_id_2644,7/10/2016,TU 0718 ,TUN,ORY,7/10/2016 9:20,2016-07-10 11.40.00,ATA,TU 32AIMI,11
train_id_2645,7/10/2016,TU 7454 ,DJE,NTE,7/10/2016 11:10,2016-07-10 14.00.00,ATA,TU 736IOK,50
train_id_2646,7/10/2016,TU 0694 ,DJE,MRS,7/10/2016 12:25,2016-07-10 14.25.00,ATA,TU 736IOL,20
train_id_2647,7/10/2016,TU 0756 ,TUN,MXP,7/10/2016 13:20,2016-07-10 15.05.00,ATA,TU 736ION,348
train_id_2648,7/10/2016,TU 0757 ,MXP,TUN,7/10/2016 15:55,2016-07-10 17.50.00,ATA,TU 736ION,350
train_id_2649,7/10/2016,TU 0363 ,BLQ,TUN,7/10/2016 11:00,2016-07-10 12.25.00,ATA,TU 32AIMF,58
train_id_2650,7/10/2016,TU 0629 ,BOD,TUN,7/10/2016 10:10,2016-07-10 12.10.00,ATA,TU 31BIMQ,0
train_id_2651,7/10/2016,TU 8539 ,OPO,LIS,7/10/2016 10:15,2016-07-10 11.05.00,ATA,TU 736IOP,0
train_id_2652,7/10/2016,TU 0997 ,NCE,TUN,7/10/2016 10:15,2016-07-10 11.45.00,ATA,TU 32AIMD,20
train_id_2653,7/10/2016,TU 0209 ,NTE,TUN,7/10/2016 10:10,2016-07-10 12.25.00,ATA,TU 736IOM,28
train_id_2654,7/10/2016,TU 0712 ,CMN,TUN,7/10/2016 10:35,2016-07-10 13.00.00,ATA,TU 320IMW,0
train_id_2655,7/10/2016,TU 0753 ,FCO,TUN,7/10/2016 10:20,2016-07-10 11.35.00,ATA,TU 31BIMO,30
train_id_2656,7/10/2016,TU 0745 ,FRA,TUN,7/10/2016 10:20,2016-07-10 12.45.00,ATA,TU 320IMV,66
train_id_2657,7/10/2016,TU 0857 ,MXP,TUN,7/10/2016 10:35,2016-07-10 12.30.00,ATA,TU 32AIMG,36
train_id_2658,7/10/2016,TU 0874 ,DJE,GVA,7/10/2016 11:30,2016-07-10 13.55.00,ATA,TU 736IOR,14
train_id_2659,7/16/2016,TU 0788 ,TUN,BRU,7/16/2016 7:30,2016-07-16 10.05.00,ATA,TU 320IMS,4
train_id_2660,7/16/2016,TU 0997 ,NCE,TUN,7/16/2016 10:15,2016-07-16 11.50.00,ATA,TU 32AIMI,21
train_id_2661,7/23/2016,TU 0726 ,DJE,MIR,7/23/2016 4:35,2016-07-23 05.15.00,ATA,TU 32AIMF,210
train_id_2662,7/27/2016,TU 0753 ,FCO,TUN,7/27/2016 10:20,2016-07-27 11.35.00,ATA,TU 320IMV,17
train_id_2663,7/30/2016,TU 0789 ,BRU,TUN,7/30/2016 11:00,2016-07-30 13.40.00,ATA,TU 320IMW,54
train_id_2664,7/31/2016,TU 8711 ,LYS,DJE,7/31/2016 10:35,2016-07-31 12.55.00,ATA,TU 736IOM,28
train_id_2665,7/31/2016,TU 0629 ,BOD,TUN,7/31/2016 10:10,2016-07-31 12.10.00,ATA,TU 31BIMQ,20
train_id_2666,7/31/2016,TU 0753 ,FCO,TUN,7/31/2016 10:20,2016-07-31 11.35.00,ATA,TU 31BIMO,23
train_id_2667,7/31/2016,TU 0515 ,BCN,TUN,7/31/2016 10:40,2016-07-31 12.15.00,ATA,TU 320IMW,45
train_id_2668,7/31/2016,TU 0720 ,TUN,ORY,7/31/2016 10:50,2016-07-31 13.15.00,ATA,TU 332IFN,36
train_id_2669,7/31/2016,TU 0850 ,TUN,LYS,7/31/2016 13:20,2016-07-31 15.10.00,ATA,TU 320IMU,109
train_id_2670,7/31/2016,TU 6792 ,MIR,PSA,7/31/2016 16:30,2016-07-31 18.10.00,ATA,TU 31AIMJ,152
train_id_2671,7/31/2016,TU 6290 ,DJE,CDG,7/31/2016 11:40,2016-07-31 14.20.00,ATA,TU 31AIMK,0
train_id_2672,7/31/2016,TU 0363 ,BLQ,TUN,7/31/2016 11:00,2016-07-31 12.25.00,ATA,TU 32AIMG,41
train_id_2673,7/31/2016,TU 0874 ,DJE,DJE,7/31/2016 11:30,2016-07-31 13.55.00,RTR,TU 736IOL,12
train_id_2674,7/31/2016,TU 0902 ,TUN,MRS,7/31/2016 11:25,2016-07-31 13.00.00,ATA,TU 32AIMH,14
train_id_2675,7/31/2016,TU 0700 ,TUN,GVA,7/31/2016 13:25,2016-07-31 15.20.00,ATA,TU 320IMW,51
train_id_2676,7/31/2016,TU 0790 ,TUN,LHR,7/31/2016 12:50,2016-07-31 15.55.00,ATA,TU 32AIMD,105
train_id_2677,7/31/2016,AT 0679 ,BRU,NDR,7/31/2016 11:00,2016-07-31 13.50.00,ATA,TU 32AIMM,17
train_id_2678,7/31/2016,TU 0462 ,MIR,LYS,7/31/2016 11:50,2016-07-31 13.50.00,ATA,TU 31AIMJ,0
train_id_2679,7/31/2016,TU 0848 ,BEY,TUN,7/31/2016 11:35,2016-07-31 15.05.00,ATA,TU 320IMV,15
train_id_2680,7/31/2016,TU 0757 ,MXP,TUN,7/31/2016 15:05,2016-07-31 17.00.00,ATA,TU 320IMS,0
train_id_2681,8/1/2016,AT 0689 ,BRU,OUD,8/1/2016 19:20,2016-08-01 22.20.00,ATA,TU 32AIMN,110
train_id_2682,8/4/2016,AT 0670 ,NDR,AMS,8/4/2016 6:50,2016-08-04 10.00.00,ATA,TU 32AIMP,0
train_id_2683,8/4/2016,TU 0643 ,VIE,TUN,8/4/2016 16:50,2016-08-04 19.00.00,ATA,TU 32AIMI,77
train_id_2684,8/27/2016,TU 3142 ,DJE,ORY,8/27/2016 12:20,2016-08-27 15.05.00,ATA,TU 736IOR,10
train_id_2685,8/27/2016,TU 2821 ,CDG,DJE,8/27/2016 19:20,2016-08-27 22.10.00,ATA,TU 32AIMI,606
train_id_2686,8/27/2016,TU 3422 ,DJE,MRS,8/27/2016 23:05,2016-08-28 01.05.00,ATA,TU 332IFM,42
train_id_2687,8/28/2016,TU 5028 ,MED,TUN,8/28/2016 13:30,2016-08-28 17.50.00,ATA,TU 332IFM,0
train_id_2688,8/29/2016,TU 0701 ,GVA,TUN,8/29/2016 11:00,2016-08-29 12.55.00,ATA,TU 320IMV,534
train_id_2689,8/29/2016,TU 0751 ,LYS,TUN,8/29/2016 10:40,2016-08-29 12.35.00,ATA,TU 32AIMH,450
train_id_2690,8/29/2016,TU 3209 ,CDG,DJE,8/29/2016 23:55,2016-08-30 02.45.00,ATA,TU 736IOK,0
train_id_2691,8/29/2016,TU 3183 ,CDG,MIR,8/29/2016 21:15,2016-08-29 23.55.00,ATA,TU 320IMR,142
train_id_2692,8/30/2016,TU 3022 ,MIR,CDG,8/30/2016 1:15,2016-08-30 03.45.00,ATA,TU 320IMR,50
train_id_2693,8/29/2016,TU 3227 ,MRS,TUN,8/29/2016 23:10,2016-08-30 00.40.00,ATA,TU 320IMU,0
train_id_2694,8/31/2016,TU 0788 ,TUN,BRU,8/31/2016 7:30,2016-08-31 10.05.00,ATA,TU 32AIML,35
train_id_2695,8/31/2016,TU 3047 ,CDG,MIR,8/31/2016 8:30,2016-08-31 11.05.00,ATA,TU 31AIMJ,5
train_id_2696,8/31/2016,TU 0750 ,TUN,LYS,8/31/2016 8:00,2016-08-31 09.50.00,ATA,TU 320IMU,49
train_id_2697,8/31/2016,TU 0514 ,TUN,BCN,8/31/2016 8:05,2016-08-31 09.50.00,ATA,TU 32AIMH,47
train_id_2698,8/31/2016,TU 0717 ,ORY,TUN,8/31/2016 10:40,2016-08-31 13.10.00,ATA,5M 343SUN,35
train_id_2699,8/31/2016,TU 0701 ,GVA,TUN,8/31/2016 11:10,2016-08-31 13.05.00,ATA,TU 320IMT,125
train_id_2700,8/31/2016,TU 0902 ,TUN,MRS,8/31/2016 11:25,2016-08-31 13.00.00,ATA,TU 320IMV,60
train_id_2701,8/31/2016,TU 0753 ,FCO,TUN,8/31/2016 10:20,2016-08-31 11.35.00,ATA,TU 320IMS,40
train_id_2702,8/31/2016,TU 0857 ,MXP,TUN,8/31/2016 10:35,2016-08-31 12.30.00,ATA,TU 32AIMI,133
train_id_2703,8/31/2016,TU 0722 ,TUN,ORY,8/31/2016 14:30,2016-08-31 16.50.00,ATA,TU 32AIML,137
train_id_2704,8/31/2016,TU 0374 ,TUN,ALG,8/31/2016 13:45,2016-08-31 15.05.00,ATA,TU 32AIMH,48
train_id_2705,8/31/2016,TU 0874 ,DJE,GVA,8/31/2016 13:45,2016-08-31 16.05.00,ATA,TU 736ION,0
train_id_2706,8/31/2016,UG 1311 ,CDG,TUN,8/31/2016 17:40,2016-08-31 18.55.00,DEP,TU CR9ISA,0
train_id_2707,8/31/2016,TU 0757 ,MXP,TUN,8/31/2016 15:55,2016-08-31 17.45.00,ATA,TU 320IMT,226
train_id_2708,8/31/2016,AT 0689 ,BRU,OUD,8/31/2016 18:35,2016-08-31 21.35.00,ATA,TU 32AIMN,7
train_id_2709,8/31/2016,AT 0671 ,AMS,NDR,8/31/2016 19:20,2016-08-31 22.25.00,ATA,TU 32AIMP,0
train_id_2710,8/31/2016,TU 0262 ,MIR,SVO,8/31/2016 21:00,2016-09-01 00.50.00,ATA,TU 320IMW,0
train_id_2711,9/1/2016,TU 0714 ,JED,TUN,9/1/2016 0:30,2016-09-01 05.25.00,ATA,TU 320IMT,245
train_id_2712,8/31/2016,TU 3061 ,NCE,TUN,8/31/2016 22:55,2016-09-01 00.25.00,ATA,TU 320IMU,0
train_id_2713,8/31/2016,TU 3043 ,NTE,TUN,8/31/2016 22:45,2016-09-01 01.05.00,ATA,TU 32AIMD,4
train_id_2714,9/1/2016,TU 3237 ,CDG,DJE,9/1/2016 0:00,2016-09-01 02.35.00,ATA,TU 736ION,0
train_id_2715,8/31/2016,TU 0399 ,ABJ,NIM,8/31/2016 22:40,2016-09-01 00.40.00,ATA,TU 320IMR,27
train_id_2716,9/1/2016,TU 3035 ,CDG,TUN,9/1/2016 2:15,2016-09-01 04.30.00,ATA,5K 343TQY,0
train_id_2717,9/1/2016,TU 8532 ,MIR,SXF,9/1/2016 3:35,2016-09-01 06.35.00,ATA,TU 736IOL,0
train_id_2718,9/1/2016,TU 9036 ,TUN,TOE,9/1/2016 3:45,2016-09-01 04.40.00,ATA,TU 736IOR,13
train_id_2719,9/1/2016,TU 3082 ,TUN,CDG,9/1/2016 5:05,2016-09-01 07.30.00,ATA,TU 32AIML,0
train_id_2720,9/1/2016,TU 0931 ,MRS,TUN,9/1/2016 8:50,2016-09-01 10.25.00,ATA,TU 32AIMD,14
train_id_2721,9/1/2016,TU 0753 ,FCO,TUN,9/1/2016 10:20,2016-09-01 11.35.00,ATA,TU 31BIMQ,18
train_id_2722,9/1/2016,TU 0215 ,IST,TUN,9/1/2016 10:15,2016-09-01 13.05.00,ATA,TU 320IMV,30
train_id_2723,9/1/2016,TU 0515 ,BCN,TUN,9/1/2016 10:40,2016-09-01 12.15.00,ATA,TU 32AIMF,20
train_id_2724,9/1/2016,TU 0712 ,CMN,TUN,9/1/2016 10:35,2016-09-01 13.00.00,ATA,TU 32AIMG,10
train_id_2725,9/1/2016,TU 0708 ,TUN,ORN,9/1/2016 8:05,2016-09-01 09.55.00,ATA,TU 736IOP,408
train_id_2726,9/1/2016,TU 0709 ,ORN,TUN,9/1/2016 10:45,2016-09-01 12.30.00,ATA,TU 736IOP,407
train_id_2727,9/1/2016,TU 0440 ,MIR,ORY,9/1/2016 11:00,2016-09-01 13.30.00,ATA,TU 736IOL,13
train_id_2728,9/1/2016,TU 0814 ,CAI,TUN,9/1/2016 10:55,2016-09-01 14.10.00,ATA,TU 31BIMO,20
train_id_2729,9/1/2016,TU 0374 ,TUN,ALG,9/1/2016 13:45,2016-09-01 15.05.00,ATA,TU 320IMT,75
train_id_2730,9/1/2016,TU 0694 ,DJE,MRS,9/1/2016 11:45,2016-09-01 13.45.00,ATA,TU 736ION,0
train_id_2731,9/1/2016,AT 0671 ,AMS,NDR,9/1/2016 11:00,2016-09-01 14.05.00,ATA,TU 32AIMP,5
train_id_2732,9/1/2016,TU 0857 ,MXP,TUN,9/1/2016 10:35,2016-09-01 12.30.00,ATA,TU 320IMT,129
train_id_2733,9/1/2016,TU 0250 ,MIR,NCE,9/1/2016 12:00,2016-09-01 13.35.00,ATA,TU 31AIMJ,0
train_id_2734,9/1/2016,TU 0720 ,TUN,ORY,9/1/2016 12:25,2016-09-01 14.45.00,ATA,TU 32AIML,0
train_id_2735,9/1/2016,TU 5052 ,JED,TUN,9/1/2016 12:50,2016-09-01 17.45.00,ATA,TU 332IFM,0
train_id_2736,9/1/2016,TU 0756 ,TUN,MXP,9/1/2016 12:30,2016-09-01 14.15.00,ATA,TU 32AIMD,0
train_id_2737,9/1/2016,TU 0719 ,ORY,TUN,9/1/2016 12:40,2016-09-01 15.05.00,ATA,TU 32AIMH,30
train_id_2738,9/1/2016,TU 0700 ,TUN,GVA,9/1/2016 13:10,2016-09-01 15.05.00,ATA,TU 32AIMF,80
train_id_2739,9/1/2016,TU 9037 ,TOE,TUN,9/1/2016 12:50,2016-09-01 13.45.00,ATA,TU 736IOR,0
train_id_2740,9/1/2016,AT 0621 ,AMS,AHU,9/1/2016 12:35,2016-09-01 15.45.00,ATA,TU 32AIMM,17
train_id_2741,9/1/2016,TU 0745 ,FRA,TUN,9/1/2016 12:25,2016-09-01 14.50.00,ATA,TU 320IMU,44
train_id_2742,9/1/2016,TU 0441 ,ORY,MIR,9/1/2016 14:20,2016-09-01 16.55.00,ATA,TU 736IOL,18
train_id_2743,9/1/2016,TU 0472 ,TUN,VCE,9/1/2016 13:10,2016-09-01 14.55.00,ATA,TU 31BIMQ,20
train_id_2744,9/1/2016,TU 0642 ,TUN,VIE,9/1/2016 13:45,2016-09-01 16.00.00,ATA,TU 320IMR,10
train_id_2745,9/1/2016,TU 3070 ,DJE,CDG,9/1/2016 19:45,2016-09-01 22.35.00,ATA,TU 736IOK,0
train_id_2746,9/1/2016,TU 3248 ,TUN,TLS,9/1/2016 19:00,2016-09-01 20.55.00,ATA,TU 31BIMQ,103
train_id_2747,9/2/2016,TU 0880 ,TUN,AMS,9/2/2016 5:50,2016-09-02 08.40.00,ATA,TU 736IOM,34
train_id_2748,9/2/2016,TU 0752 ,TUN,FCO,9/2/2016 8:00,2016-09-02 09.20.00,ATA,TU 31BIMQ,101
train_id_2749,9/2/2016,TU 0251 ,NCE,MIR,9/2/2016 8:25,2016-09-02 10.05.00,ATA,TU 736IOL,0
train_id_2750,9/2/2016,TU 0283 ,TLS,TUN,9/2/2016 9:35,2016-09-02 11.30.00,ATA,TU 32AIMG,45
train_id_2751,9/2/2016,TU 0514 ,TUN,BCN,9/2/2016 8:05,2016-09-02 09.50.00,ATA,TU 32AIMH,38
train_id_2752,9/2/2016,TU 0788 ,TUN,BRU,9/2/2016 7:30,2016-09-02 10.05.00,ATA,5K 343TQY,75
train_id_2753,9/2/2016,TU 0467 ,HAM,DJE,9/2/2016 9:30,2016-09-02 12.40.00,ATA,TU 31AIMK,25
train_id_2754,9/2/2016,TU 0931 ,MRS,TUN,9/2/2016 8:50,2016-09-02 10.25.00,ATA,TU 320IMV,9
train_id_2755,9/2/2016,TU 0789 ,BRU,TUN,9/2/2016 11:35,2016-09-02 14.10.00,ATA,5K 343TQY,109
train_id_2756,9/2/2016,TU 0635 ,ORY,DJE,9/2/2016 9:50,2016-09-02 12.35.00,ATA,TU 31AIMJ,43
train_id_2757,9/2/2016,TU 0881 ,AMS,TUN,9/2/2016 9:30,2016-09-02 12.25.00,ATA,TU 736IOM,72
train_id_2758,9/2/2016,TU 0440 ,MIR,ORY,9/2/2016 11:00,2016-09-02 13.30.00,ATA,TU 736IOL,39
train_id_2759,9/2/2016,TU 6549 ,SXF,TUN,9/2/2016 11:55,2016-09-02 14.40.00,ATA,TU 32AIMF,102
train_id_2760,9/2/2016,TU 0902 ,TUN,MRS,9/2/2016 11:25,2016-09-02 13.00.00,ATA,TU 320IMV,238
train_id_2761,9/2/2016,TU 0362 ,TUN,BLQ,9/2/2016 13:55,2016-09-02 15.30.00,ATA,TU 736IOM,78
train_id_2762,9/2/2016,AT 0679 ,BRU,NDR,9/2/2016 11:00,2016-09-02 13.50.00,ATA,TU 32AIMM,0
train_id_2763,9/2/2016,TU 0848 ,BEY,TUN,9/2/2016 11:35,2016-09-02 15.05.00,ATA,TU 320IMR,40
train_id_2764,9/2/2016,TU 0375 ,ALG,TUN,9/2/2016 16:05,2016-09-02 17.15.00,ATA,TU 320IMT,25
train_id_2765,9/2/2016,TU 0724 ,TUN,ORY,9/2/2016 18:20,2016-09-02 20.40.00,ATA,TU 320IMV,25
train_id_2766,9/2/2016,TU 0999 ,NCE,TUN,9/2/2016 16:35,2016-09-02 18.10.00,ATA,TU 736IOP,17
train_id_2767,9/2/2016,TU 5048 ,JED,MIR,9/2/2016 16:50,2016-09-02 21.30.00,ATA,TU 332IFN,10
train_id_2768,9/2/2016,TU 0614 ,DKR,BKO,9/2/2016 23:25,2016-09-03 01.05.00,ATA,TU 320IMU,285
train_id_2769,9/2/2016,TU 3110 ,DJE,CDG,9/2/2016 20:40,2016-09-02 23.25.00,ATA,TU 736ION,35
train_id_2770,9/3/2016,TU 0251 ,NCE,MIR,9/3/2016 8:25,2016-09-03 10.05.00,ATA,TU 32AIMH,17
train_id_2771,9/3/2016,TU 0931 ,MRS,TUN,9/3/2016 8:50,2016-09-03 10.25.00,ATA,TU 320IMR,2
train_id_2772,9/3/2016,AT 0670 ,NDR,AMS,9/3/2016 6:00,2016-09-03 09.10.00,ATA,TU 32AIMP,28
train_id_2773,9/3/2016,TU 4751 ,VIE,DJE,9/3/2016 8:40,2016-09-03 11.15.00,ATA,TU 736IOR,37
train_id_2774,9/3/2016,TU 0339 ,ALG,TUN,9/3/2016 9:50,2016-09-03 11.00.00,ATA,TU 32AIMD,40
train_id_2775,9/3/2016,TU 0875 ,GVA,DJE,9/3/2016 9:25,2016-09-03 11.40.00,ATA,TU 31AIMK,0
train_id_2776,9/3/2016,TU 0603 ,ZRH,TUN,9/3/2016 9:10,2016-09-03 11.20.00,ATA,TU 736IOK,10
train_id_2777,9/3/2016,TU 0202 ,TUN,YUL,9/3/2016 9:15,2016-09-03 18.10.00,ATA,TU 332IFM,25
train_id_2778,9/3/2016,TU 0813 ,TUN,CAI,9/3/2016 14:35,2016-09-03 17.35.00,ATA,TU 31BIMO,269
train_id_2779,9/3/2016,TU 0718 ,TUN,ORY,9/3/2016 9:20,2016-09-03 11.40.00,ATA,TU 320IMV,36
train_id_2780,9/3/2016,TU 0553 ,HAM,NBE,9/3/2016 10:25,2016-09-03 13.20.00,ATA,TU 320IMW,45
train_id_2781,9/3/2016,TU 0814 ,CAI,TUN,9/3/2016 18:25,2016-09-03 21.40.00,ATA,TU 31BIMO,317
train_id_2782,9/3/2016,TU 0712 ,CMN,TUN,9/3/2016 10:35,2016-09-03 13.00.00,ATA,TU 32AIML,0
train_id_2783,9/3/2016,TU 0751 ,LYS,TUN,9/3/2016 10:40,2016-09-03 12.35.00,ATA,TU 320IMT,60
train_id_2784,1/1/2016,TU 0628 ,TUN,BOD,1/1/2016 13:20,2016-01-01 15.30.00,ATA,TU 736IOK,42
train_id_2785,1/3/2016,TU 0683 ,NCE,DJE,1/3/2016 11:00,2016-01-03 13.00.00,ATA,TU 736ION,6
train_id_2786,1/3/2016,TU 0705 ,TUN,CMN,1/3/2016 14:10,2016-01-03 16.55.00,ATA,TU 320IMW,277
train_id_2787,1/3/2016,TU 0375 ,ALG,TUN,1/3/2016 10:45,2016-01-03 11.55.00,ATA,TU 320IMS,135
train_id_2788,1/15/2016,UG 0002 ,TUN,DJE,1/15/2016 6:00,2016-01-15 06.50.00,ATA,TU 31BIMQ,34
train_id_2789,1/17/2016,TU 0613 ,TUN,DKR,1/17/2016 19:00,2016-01-18 00.15.00,ATA,TU 320IMR,45
train_id_2790,1/17/2016,TU 0217 ,IST,TUN,1/17/2016 20:10,2016-01-17 23.00.00,ATA,TU 332IFN,25
train_id_2791,1/18/2016,TU 0374 ,TUN,ALG,1/18/2016 8:15,2016-01-18 09.35.00,ATA,TU 320IMV,42
train_id_2792,1/18/2016,TU 0717 ,ORY,TUN,1/18/2016 10:55,2016-01-18 13.20.00,ATA,TU 32AIMI,15
train_id_2793,1/28/2016,TU 0216 ,TUN,IST,1/28/2016 16:00,2016-01-28 18.35.00,ATA,TU 32AIMN,10
train_id_2794,1/28/2016,TU 0339 ,ALG,TUN,1/28/2016 17:00,2016-01-28 18.10.00,ATA,TU 320IMV,0
train_id_2795,1/28/2016,TU 0251 ,NCE,MIR,1/28/2016 17:10,2016-01-28 18.50.00,ATA,TU 31AIMK,7
train_id_2796,1/28/2016,TU 0431 ,LYS,DJE,1/28/2016 17:15,2016-01-28 19.35.00,ATA,TU 736IOP,6
train_id_2797,1/28/2016,TU 0397 ,TUN,OUA,1/28/2016 18:30,2016-01-28 22.50.00,ATA,TU 320IMT,0
train_id_2798,1/28/2016,TU 0724 ,TUN,ORY,1/28/2016 18:30,2016-01-28 20.50.00,ATA,TU 32AIML,7
train_id_2799,1/28/2016,TU 9009 ,MIR,TUN,1/28/2016 19:25,2016-01-28 19.55.00,ATA,TU 32AIMI,0
train_id_2800,1/28/2016,TU 0613 ,TUN,DKR,1/28/2016 19:00,2016-01-29 00.15.00,ATA,TU 320IMW,34
train_id_2801,1/28/2016,TU 0395 ,TUN,BKO,1/28/2016 19:40,2016-01-29 00.25.00,ATA,TU 31BIMQ,27
train_id_2802,1/31/2016,TU 0788 ,TUN,BRU,1/31/2016 8:00,2016-01-31 10.35.00,ATA,TU 32AIMN,9
train_id_2803,2/2/2016,TU 0216 ,TUN,IST,2/2/2016 16:00,2016-02-02 18.35.00,ATA,TU 32AIMN,11
train_id_2804,2/6/2016,TU 0726 ,MIR,BRU,2/6/2016 5:30,2016-02-06 08.15.00,ATA,TU 32AIMH,5
train_id_2805,2/6/2016,TU 0874 ,DJE,TUN,2/6/2016 5:45,2016-02-06 06.35.00,ATA,TU 31AIMJ,0
train_id_2806,2/6/2016,TU 0712 ,CMN,TUN,2/6/2016 10:30,2016-02-06 12.55.00,ATA,TU 320IMV,115
train_id_2807,2/6/2016,TU 0647 ,FRA,NBE,2/6/2016 19:10,2016-02-06 21.40.00,ATA,TU 736IOK,10
train_id_2808,2/7/2016,TU 0515 ,BCN,TUN,2/7/2016 16:40,2016-02-07 18.15.00,ATA,TU 32AIMD,10
train_id_2809,2/7/2016,TU 0903 ,MRS,TUN,2/7/2016 16:35,2016-02-07 18.10.00,ATA,TU 736IOP,36
train_id_2810,2/7/2016,TU 0607 ,MAD,TUN,2/7/2016 17:25,2016-02-07 19.35.00,ATA,TU 32AIMI,32
train_id_2811,2/7/2016,TU 0339 ,ALG,TUN,2/7/2016 17:00,2016-02-07 18.10.00,ATA,TU 320IMS,25
train_id_2812,2/7/2016,TU 0431 ,LYS,DJE,2/7/2016 17:15,2016-02-07 19.35.00,ATA,TU 736IOK,15
train_id_2813,2/7/2016,TU 0635 ,ORY,DJE,2/7/2016 17:15,2016-02-07 20.00.00,ATA,TU 31AIMJ,25
train_id_2814,2/7/2016,TU 0481 ,NTE,DJE,2/7/2016 17:50,2016-02-07 20.35.00,ATA,TU 736IOQ,8
train_id_2815,2/7/2016,TU 0723 ,ORY,TUN,2/7/2016 18:30,2016-02-07 20.55.00,ATA,TU 320IMW,22
train_id_2816,2/7/2016,TU 0724 ,TUN,ORY,2/7/2016 18:30,2016-02-07 20.50.00,ATA,TU 32AIMN,0
train_id_2817,2/7/2016,TU 0397 ,TUN,ABJ,2/7/2016 18:30,2016-02-07 23.50.00,ATA,TU 320IMU,18
train_id_2818,2/7/2016,TU 0563 ,TUN,NKC,2/7/2016 18:30,2016-02-07 23.25.00,ATA,TU 31BIMQ,27
train_id_2819,2/8/2016,TU 0472 ,TUN,VCE,2/8/2016 7:30,2016-02-08 09.10.00,ATA,TU 736IOK,30
train_id_2820,2/8/2016,TU 0246 ,TUN,SXB,2/8/2016 15:20,2016-02-08 17.40.00,ATA,TU 736IOP,22
train_id_2821,2/9/2016,TU 0914 ,MED,TUN,2/9/2016 1:25,2016-02-09 06.00.00,ATA,TU 320IMR,0
train_id_2822,2/10/2016,TU 0514 ,TUN,BCN,2/10/2016 7:15,2016-02-10 09.00.00,ATA,TU 32AIMI,5
train_id_2823,2/10/2016,TU 0606 ,TUN,MAD,2/10/2016 7:10,2016-02-10 09.15.00,ATA,TU 320IMT,13
train_id_2824,2/10/2016,TU 0744 ,TUN,FRA,2/10/2016 7:05,2016-02-10 09.40.00,ATA,TU 31BIMO,19
train_id_2825,2/10/2016,TU 0711 ,TUN,CMN,2/10/2016 6:55,2016-02-10 09.40.00,ATA,TU 320IMR,36
train_id_2826,2/10/2016,TU 0716 ,TUN,ORY,2/10/2016 7:35,2016-02-10 09.50.00,ATA,TU 32AIMD,8
train_id_2827,2/10/2016,TU 0542 ,TUN,MUC,2/10/2016 7:45,2016-02-10 10.00.00,ATA,TU 736IOR,9
train_id_2828,2/13/2016,TU 0727 ,MIR,DJE,2/13/2016 12:40,2016-02-13 13.20.00,ATA,TU 32AIMP,0
train_id_2829,2/25/2016,TU 0463 ,LYS,MIR,2/25/2016 9:55,2016-02-25 12.00.00,ATA,TU 736IOK,0
train_id_2830,2/25/2016,TU 9999 ,TUN,TUN,2/25/2016 10:05,2016-02-25 11.00.00,ATA,TU 32AIMG,0
train_id_2831,2/26/2016,TU 0720 ,TUN,ORY,2/26/2016 12:20,2016-02-26 14.40.00,ATA,TU 32AIML,5
train_id_2832,2/29/2016,TU 0606 ,TUN,MAD,2/29/2016 14:15,2016-02-29 16.20.00,ATA,TU 32AIMC,10
train_id_2833,2/29/2016,TU 0319 ,LIS,TUN,2/29/2016 17:20,2016-02-29 20.05.00,ATA,TU 736IOR,17
train_id_2834,2/29/2016,TU 0903 ,MRS,TUN,2/29/2016 16:10,2016-02-29 17.45.00,ATA,TU 32AIML,8
train_id_2835,2/29/2016,TU 0757 ,MXP,TUN,2/29/2016 15:05,2016-02-29 17.00.00,ATA,TU 32AIMD,0
train_id_2836,2/29/2016,TU 0722 ,TUN,ORY,2/29/2016 15:10,2016-02-29 17.30.00,ATA,TU 32AIMH,7
train_id_2837,2/29/2016,TU 9166 ,DJE,TUN,2/29/2016 16:40,2016-02-29 17.30.00,ATA,TU 32AIMF,0
train_id_2838,3/20/2016,TU 0374 ,TUN,ALG,3/20/2016 8:15,2016-03-20 09.35.00,ATA,TU 332IFM,0
train_id_2839,4/3/2016,TU 0791 ,LHR,TUN,4/3/2016 16:55,2016-04-03 19.55.00,ATA,TU 32AIML,25
train_id_2840,4/17/2016,TU 0722 ,TUN,ORY,4/17/2016 14:30,2016-04-17 16.50.00,ATA,TU 32AIMD,19
train_id_2841,4/24/2016,TU 0431 ,LYS,DJE,4/24/2016 8:30,2016-04-24 10.45.00,ATA,TU 31AIMK,0
train_id_2842,4/24/2016,TU 0441 ,ORY,MIR,4/24/2016 8:25,2016-04-24 10.55.00,ATA,TU 736IOQ,8
train_id_2843,4/25/2016,TU 0472 ,TUN,VCE,4/25/2016 8:50,2016-04-25 10.35.00,ATA,TU 31BIMO,0
train_id_2844,4/29/2016,TU 0466 ,DJE,HAM,4/29/2016 5:30,2016-04-29 08.40.00,ATA,TU 31AIMK,5
train_id_2845,6/1/2016,TU 0720 ,TUN,ORY,6/1/2016 12:25,2016-06-01 14.45.00,ATA,TU 320IMW,0
train_id_2846,6/11/2016,TU 0726 ,MIR,BRU,6/11/2016 6:10,2016-06-11 08.55.00,ATA,TU 32AIMG,4
train_id_2847,6/12/2016,TU 0682 ,DJE,NCE,6/12/2016 6:15,2016-06-12 08.05.00,ATA,TU 31AIMK,0
train_id_2848,6/13/2016,TU 0756 ,TUN,MXP,6/13/2016 12:30,2016-06-13 14.15.00,ATA,TU 32AIMG,8
train_id_2849,6/19/2016,TU 0607 ,MAD,TUN,6/19/2016 17:25,2016-06-19 19.30.00,ATA,TU 31BIMO,49
train_id_2850,6/25/2016,TU 0203 ,YUL,TUN,6/25/2016 20:15,2016-06-26 04.30.00,ATA,TU 332IFN,23
train_id_2851,6/27/2016,TU 0725 ,ORY,TUN,6/27/2016 6:00,2016-06-27 08.25.00,ATA,TU 31BIMO,0
train_id_2852,6/27/2016,TU 0814 ,CAI,TUN,6/27/2016 18:35,2016-06-27 21.50.00,ATA,TU 31BIMQ,53
train_id_2853,7/2/2016,TU 0463 ,LYS,MIR,7/2/2016 8:20,2016-07-02 10.25.00,ATA,TU 736IOL,0
train_id_2854,7/14/2016,AT 0626 ,AHU,BRU,7/14/2016 16:35,2016-07-14 19.45.00,ATA,TU 32AIMM,145
train_id_2855,7/16/2016,TU 9007 ,NBE,DJE,7/16/2016 19:10,2016-07-16 19.45.00,ATA,TU 736IOP,0
train_id_2856,7/17/2016,TU 0362 ,TUN,BLQ,7/17/2016 8:30,2016-07-17 10.10.00,ATA,TU 32AIML,0
train_id_2857,7/17/2016,TU 0472 ,TUN,VCE,7/17/2016 13:15,2016-07-17 15.00.00,ATA,TU 32AIML,54
train_id_2858,7/17/2016,TU 0563 ,TUN,NKC,7/17/2016 18:45,2016-07-17 23.40.00,ATA,TU 320IMV,255
train_id_2859,7/18/2016,TU 0564 ,NKC,TUN,7/18/2016 0:30,2016-07-18 04.45.00,ATA,TU 320IMV,255
train_id_2860,7/23/2016,TU 0508 ,MIR,GVA,7/23/2016 11:05,2016-07-23 13.10.00,ATA,TU 736IOR,0
train_id_2861,7/27/2016,TU 0791 ,LGW,TUN,7/27/2016 10:00,2016-07-27 12.40.00,ATA,TU 31BIMO,18
train_id_2862,7/30/2016,TU 0722 ,TUN,ORY,7/30/2016 14:30,2016-07-30 16.50.00,ATA,TU 320IMV,0
train_id_2863,7/31/2016,TU 0903 ,MRS,TUN,7/31/2016 13:50,2016-07-31 15.25.00,ATA,TU 32AIMH,18
train_id_2864,8/4/2016,TU 0930 ,TUN,MRS,8/4/2016 6:25,2016-08-04 08.00.00,ATA,TU 736IOR,0
train_id_2865,8/6/2016,TU 0552 ,NBE,HAM,8/6/2016 6:40,2016-08-06 09.35.00,ATA,TU 32AIMG,14
train_id_2866,8/6/2016,TU 0713 ,TUN,JED,8/6/2016 18:55,2016-08-06 23.10.00,ATA,TU 320IMU,59
train_id_2867,8/9/2016,TU 9170 ,MIR,TUN,8/9/2016 10:50,2016-08-09 11.30.00,ATA,TU 736ION,0
train_id_2868,8/15/2016,TU 0472 ,TUN,VCE,8/15/2016 8:50,2016-08-15 10.35.00,ATA,TU 31BIMQ,0
train_id_2869,8/18/2016,TU 0339 ,ALG,TUN,8/18/2016 9:50,2016-08-18 11.00.00,ATA,TU 32AIMF,9
train_id_2870,8/23/2016,AT 0679 ,BRU,NDR,8/23/2016 18:50,2016-08-23 21.40.00,ATA,TU 32AIMP,0
train_id_2871,8/23/2016,TU 3020 ,TUN,CDG,8/23/2016 19:20,2016-08-23 21.45.00,ATA,TU 736IOR,17
train_id_2872,8/23/2016,TU 3416 ,TUN,CDG,8/23/2016 19:20,2016-08-23 21.45.00,ATA,TU 320IMS,15
train_id_2873,8/23/2016,AT 0669 ,AMS,OUD,8/23/2016 19:20,2016-08-23 22.35.00,ATA,TU 32AIMN,27
train_id_2874,8/23/2016,TU 3246 ,MIR,MRS,8/23/2016 21:50,2016-08-23 23.35.00,ATA,TU 31AIMJ,0
train_id_2875,8/23/2016,TU 3025 ,LYS,TUN,8/23/2016 22:45,2016-08-24 00.20.00,ATA,TU 32AIMF,0
train_id_2876,8/23/2016,TU 3417 ,CDG,TUN,8/23/2016 22:45,2016-08-24 01.05.00,ATA,TU 320IMS,0
train_id_2877,8/23/2016,TU 3021 ,CDG,MIR,8/23/2016 22:45,2016-08-24 01.10.00,ATA,TU 736IOR,0
train_id_2878,8/23/2016,TU 3197 ,CDG,TUN,8/23/2016 22:55,2016-08-24 00.55.00,ATA,TU 32AIMI,0
train_id_2879,8/23/2016,TU 0398 ,ABJ,TUN,8/23/2016 22:40,2016-08-24 03.55.00,ATA,TU 320IMU,18
train_id_2880,8/23/2016,TU 5010 ,MED,TUN,8/23/2016 23:45,2016-08-24 04.05.00,ATA,TU 332IFN,0
train_id_2881,8/24/2016,TU 3381 ,SXB,TUN,8/24/2016 4:55,2016-08-24 07.05.00,ATA,TU 320IMT,0
train_id_2882,8/24/2016,TU 3223 ,CDG,TUN,8/24/2016 4:50,2016-08-24 07.15.00,ATA,TU 320IMW,0
train_id_2883,8/24/2016,TU 3185 ,CDG,TUN,8/24/2016 5:10,2016-08-24 07.30.00,ATA,TU 32AIML,0
train_id_2884,8/24/2016,TU 5018 ,MED,TUN,8/24/2016 6:00,2016-08-24 10.20.00,ATA,TU 332IFM,0
train_id_2885,8/24/2016,TU 3060 ,MIR,NCE,8/24/2016 5:15,2016-08-24 06.50.00,ATA,TU 31AIMK,5
train_id_2886,8/24/2016,TU 0997 ,NCE,TUN,8/24/2016 10:15,2016-08-24 11.50.00,ATA,TU 320IMT,35
train_id_2887,8/24/2016,TU 0700 ,TUN,GVA,8/24/2016 8:20,2016-08-24 10.15.00,ATA,TU 32AIML,36
train_id_2888,8/24/2016,AT 0627 ,BRU,AHU,8/24/2016 10:00,2016-08-24 12.50.00,ATA,TU 32AIMM,11
train_id_2889,8/24/2016,TU 0857 ,MXP,TUN,8/24/2016 10:35,2016-08-24 12.30.00,ATA,TU 32AIMF,10
train_id_2890,8/24/2016,TU 0712 ,CMN,TUN,8/24/2016 10:35,2016-08-24 13.00.00,ATA,TU 31BIMO,0
train_id_2891,8/24/2016,TU 0745 ,FRA,TUN,8/24/2016 10:30,2016-08-24 12.55.00,ATA,TU 32AIMD,29
train_id_2892,8/24/2016,TU 0753 ,FCO,TUN,8/24/2016 10:20,2016-08-24 11.35.00,ATA,TU 736IOM,49
train_id_2893,8/24/2016,UG 1300 ,TUN,MLA,8/24/2016 9:30,2016-08-24 11.40.00,DEP,UG AT7LBE,20
train_id_2894,8/25/2016,TU 3064 ,MIR,CDG,8/25/2016 1:20,2016-08-25 03.50.00,ATA,TU 32AIMI,8
train_id_2895,8/24/2016,TU 0717 ,ORY,TUN,8/24/2016 10:40,2016-08-24 13.10.00,ATA,5M 343SUN,100
train_id_2896,8/24/2016,AT 0685 ,AMS,NDR,8/24/2016 11:00,2016-08-24 14.05.00,ATA,TU 32AIMP,0
train_id_2897,8/24/2016,TU 3408 ,DJE,CDG,8/24/2016 12:30,2016-08-24 15.20.00,ATA,TU 736IOK,10
train_id_2898,8/24/2016,UG 1312 ,SFA,CDG,8/24/2016 13:25,2016-08-24 16.55.00,DEP,TU CR9ISA,55
train_id_2899,8/24/2016,AT 0626 ,AHU,BRU,8/24/2016 14:00,2016-08-24 17.10.00,ATA,TU 32AIMM,0
train_id_2900,8/24/2016,TU 3244 ,TUN,MRS,8/24/2016 18:55,2016-08-24 20.30.00,ATA,TU 320IMU,135
train_id_2901,8/24/2016,AT 0688 ,OUD,BRU,8/24/2016 14:45,2016-08-24 17.40.00,ATA,TU 32AIMN,0
train_id_2902,8/24/2016,AT 0684 ,NDR,AMS,8/24/2016 15:05,2016-08-24 18.15.00,ATA,TU 32AIMP,0
train_id_2903,8/24/2016,TU 0216 ,TUN,IST,8/24/2016 15:55,2016-08-24 18.30.00,ATA,TU 320IMV,36
train_id_2904,8/24/2016,TU 3161 ,CDG,DJE,8/24/2016 16:25,2016-08-24 19.10.00,ATA,TU 736IOP,5
train_id_2905,8/24/2016,TU 3409 ,CDG,MIR,8/24/2016 16:20,2016-08-24 18.45.00,ATA,TU 736IOK,0
train_id_2906,8/24/2016,TU 3062 ,MIR,CDG,8/24/2016 16:00,2016-08-24 18.30.00,ATA,TU 31AIMK,50
train_id_2907,8/24/2016,TU 3448 ,DJE,CDG,8/24/2016 20:30,2016-08-24 23.10.00,ATA,TU 31AIMJ,6
train_id_2908,8/24/2016,TU 0262 ,MIR,SVO,8/24/2016 21:00,2016-08-25 00.50.00,ATA,TU 320IMW,0
train_id_2909,8/24/2016,TU 3427 ,MRS,DJE,8/24/2016 22:40,2016-08-25 00.40.00,ATA,TU 736IOK,0
train_id_2910,8/25/2016,TU 3059 ,LYS,MIR,8/25/2016 3:30,2016-08-25 05.10.00,ATA,TU 31AIMK,0
train_id_2911,8/25/2016,TU 0263 ,SVO,MIR,8/25/2016 1:40,2016-08-25 06.15.00,ATA,TU 320IMW,75
train_id_2912,8/25/2016,AT 0680 ,NDR,BRU,8/25/2016 1:10,2016-08-25 04.00.00,ATA,TU 32AIMM,0
train_id_2913,8/25/2016,TU 0462 ,MIR,LYS,8/25/2016 7:00,2016-08-25 09.00.00,ATA,TU 320IMW,56
train_id_2914,8/25/2016,TU 3231 ,CDG,TUN,8/25/2016 4:10,2016-08-25 06.40.00,ATA,TU 32AIMG,0
train_id_2915,8/25/2016,TU 3077 ,MRS,TUN,8/25/2016 4:40,2016-08-25 06.15.00,ATA,TU 320IMU,0
train_id_2916,8/25/2016,TU 3070 ,DJE,CDG,8/25/2016 4:40,2016-08-25 07.30.00,ATA,TU 736IOR,0
train_id_2917,8/25/2016,TU 0436 ,TOE,CDG,8/25/2016 5:15,2016-08-25 08.00.00,ATA,TU 736IOM,14
train_id_2918,8/25/2016,TU 0682 ,DJE,NCE,8/25/2016 6:10,2016-08-25 08.05.00,ATA,TU 736IOK,0
train_id_2919,8/25/2016,TU 0711 ,TUN,CMN,8/25/2016 7:00,2016-08-25 09.40.00,ATA,TU 31BIMQ,8
train_id_2920,8/25/2016,TU 0791 ,LGW,TUN,8/25/2016 10:35,2016-08-25 13.20.00,ATA,TU 320IMS,67
train_id_2921,8/25/2016,TU 0683 ,NCE,DJE,8/25/2016 8:50,2016-08-25 10.50.00,ATA,TU 736IOK,0
train_id_2922,8/25/2016,AT 0624 ,OUD,ORY,8/25/2016 8:20,2016-08-25 11.00.00,ATA,TU 32AIMN,27
train_id_2923,8/25/2016,TU 0744 ,TUN,FRA,8/25/2016 8:50,2016-08-25 11.25.00,ATA,TU 32AIMI,10
train_id_2924,8/25/2016,TU 0437 ,CDG,TOE,8/25/2016 9:00,2016-08-25 11.55.00,ATA,TU 736IOM,3
train_id_2925,8/25/2016,TU 0931 ,MRS,TUN,8/25/2016 8:50,2016-08-25 10.25.00,ATA,TU 32AIMD,0
train_id_2926,8/25/2016,TU 0635 ,ORY,DJE,8/25/2016 9:50,2016-08-25 12.35.00,ATA,TU 31AIMJ,0
train_id_2927,8/25/2016,TU 3088 ,TUN,BOD,8/25/2016 19:50,2016-08-25 22.00.00,ATA,TU 32AIMF,210
train_id_2928,8/25/2016,TU 0814 ,CAI,TUN,8/25/2016 10:55,2016-08-25 14.10.00,ATA,TU 320IMT,20
train_id_2929,8/25/2016,TU 0430 ,DJE,LYS,8/25/2016 11:35,2016-08-25 13.55.00,ATA,TU 736IOP,0
train_id_2930,8/25/2016,TU 0694 ,DJE,MRS,8/25/2016 11:45,2016-08-25 13.45.00,ATA,TU 736IOK,0
train_id_2931,8/25/2016,TU 9063 ,MIR,TUN,8/25/2016 13:45,2016-08-25 14.15.00,ATA,TU 320IMW,0
train_id_2932,8/25/2016,TU 0250 ,MIR,NCE,8/25/2016 12:00,2016-08-25 13.35.00,ATA,TU 31AIMK,0
train_id_2933,8/25/2016,TU 3082 ,TUN,CDG,8/25/2016 23:00,2016-08-26 01.20.00,ATA,TU 736IOR,15
train_id_2934,8/25/2016,TU 9037 ,TOE,DJE,8/25/2016 12:40,2016-08-25 13.25.00,ATA,TU 736IOM,0
train_id_2935,8/25/2016,AT 0625 ,ORY,OUD,8/25/2016 11:55,2016-08-25 14.30.00,ATA,TU 32AIMN,15
train_id_2936,8/25/2016,TU 0719 ,ORY,TUN,8/25/2016 12:40,2016-08-25 15.05.00,ATA,TU 32AIMF,30
train_id_2937,8/25/2016,AT 0685 ,AMS,NDR,8/25/2016 11:00,2016-08-25 14.05.00,ATA,TU 32AIMP,8
train_id_2938,8/25/2016,TU 0745 ,FRA,TUN,8/25/2016 12:25,2016-08-25 14.50.00,ATA,TU 32AIMI,5
train_id_2939,8/25/2016,TU 0756 ,TUN,MXP,8/25/2016 12:30,2016-08-25 14.15.00,ATA,TU 31BIMO,12
train_id_2940,8/27/2016,TU 0874 ,DJE,GVA,8/27/2016 6:15,2016-08-27 08.35.00,ATA,TU 31AIMJ,10
train_id_2941,8/25/2016,TU 0734 ,DJE,ORY,8/25/2016 13:30,2016-08-25 16.10.00,ATA,TU 31AIMJ,50
train_id_2942,8/25/2016,TU 0374 ,TUN,ALG,8/25/2016 13:45,2016-08-25 15.05.00,ATA,TU 32AIML,11
train_id_2943,8/25/2016,TU 9041 ,MIR,TUN,8/25/2016 17:40,2016-08-25 18.20.00,ATA,TU 736IOL,18
train_id_2944,8/25/2016,TU 3110 ,DJE,CDG,8/25/2016 22:55,2016-08-26 01.40.00,ATA,TU 32AIMI,24
train_id_2945,8/26/2016,TU 0880 ,TUN,AMS,8/26/2016 5:50,2016-08-26 08.40.00,ATA,TU 736IOM,21
train_id_2946,8/25/2016,TU 5022 ,MED,MIR,8/25/2016 23:45,2016-08-26 04.00.00,ATA,TU 332IFM,0
train_id_2947,8/26/2016,TU 3079 ,CDG,TUN,8/26/2016 3:45,2016-08-26 06.05.00,ATA,5M 343SUN,0
train_id_2948,8/26/2016,TU 3443 ,CDG,DJE,8/26/2016 0:20,2016-08-26 03.15.00,ATA,TU 736ION,10
train_id_2949,6/16/2016,TU 0208 ,TUN,NTE,6/16/2016 13:20,2016-06-16 15.45.00,ATA,TU 736IOL,32
train_id_2950,6/16/2016,TU 0374 ,TUN,ALG,6/16/2016 13:45,2016-06-16 15.05.00,ATA,TU 320IMW,21
train_id_2951,6/16/2016,TU 0734 ,DJE,TOE,6/16/2016 13:50,2016-06-16 14.30.00,ATA,TU 31AIMK,125
train_id_2952,6/16/2016,TU 0441 ,ORY,MIR,6/16/2016 14:20,2016-06-16 16.55.00,ATA,TU 736IOK,12
train_id_2953,6/16/2016,TU 0251 ,NCE,MIR,6/16/2016 14:30,2016-06-16 16.15.00,ATA,TU 31AIMJ,2
train_id_2954,6/16/2016,TU 0431 ,LYS,DJE,6/16/2016 14:40,2016-06-16 17.00.00,ATA,TU 736IOR,4
train_id_2955,6/16/2016,TU 0852 ,TUN,FCO,6/16/2016 14:30,2016-06-16 15.50.00,ATA,TU 32AIMF,6
train_id_2956,6/16/2016,TU 0397 ,TUN,OUA,6/16/2016 15:15,2016-06-16 19.35.00,ATA,TU 31BIMO,34
train_id_2957,6/16/2016,TU 0713 ,TUN,JED,6/16/2016 18:55,2016-06-16 23.10.00,ATA,TU 320IMU,0
train_id_2958,6/16/2016,TU 0563 ,TUN,NKC,6/16/2016 18:45,2016-06-16 23.40.00,ATA,TU 320IMW,0
train_id_2959,6/16/2016,TU 0851 ,TUN,MIR,6/16/2016 18:45,2016-06-16 19.20.00,ATA,TU 32AIMI,0
train_id_2960,6/16/2016,TU 0396 ,BKO,DKR,6/16/2016 20:55,2016-06-16 22.35.00,ATA,TU 320IMS,145
train_id_2961,6/16/2016,TU 0396 ,DKR,TUN,6/16/2016 23:25,2016-06-17 04.05.00,ATA,TU 320IMS,135
train_id_2962,6/16/2016,TU 0397 ,OUA,ABJ,6/16/2016 20:25,2016-06-16 21.50.00,ATA,TU 31BIMO,22
train_id_2963,6/16/2016,TU 0398 ,ABJ,TUN,6/16/2016 22:40,2016-06-17 03.55.00,ATA,TU 31BIMO,30
train_id_2964,6/16/2016,TU 0735 ,TOE,DJE,6/16/2016 22:15,2016-06-16 22.55.00,ATA,TU 31AIMK,100
train_id_2965,6/17/2016,TU 0564 ,NKC,TUN,6/17/2016 0:30,2016-06-17 04.45.00,ATA,TU 320IMW,8
train_id_2966,6/17/2016,TU 0606 ,TUN,MAD,6/17/2016 14:30,2016-06-17 16.35.00,ATA,TU 320IMS,25
train_id_2967,6/17/2016,TU 0720 ,TUN,ORY,6/17/2016 12:25,2016-06-17 14.45.00,ATA,TU 320IMR,0
train_id_2968,6/17/2016,TU 0527 ,DUS,DJE,6/17/2016 12:05,2016-06-17 15.10.00,ATA,TU 32AIMN,13
train_id_2969,6/17/2016,TU 0542 ,TUN,MUC,6/17/2016 12:50,2016-06-17 15.05.00,ATA,TU 32AIMP,10
train_id_2970,6/17/2016,TU 0756 ,TUN,MXP,6/17/2016 12:30,2016-06-17 14.15.00,ATA,TU 32AIMG,50
train_id_2971,6/17/2016,TU 0734 ,DJE,ORY,6/17/2016 13:30,2016-06-17 16.10.00,ATA,TU 31AIMJ,0
train_id_2972,6/17/2016,TU 0700 ,TUN,GVA,6/17/2016 13:25,2016-06-17 15.20.00,ATA,TU 320IMV,8
train_id_2973,6/17/2016,TU 0902 ,TUN,MRS,6/17/2016 13:05,2016-06-17 14.40.00,ATA,TU 32AIMF,30
train_id_2974,6/17/2016,TU 0362 ,TUN,BLQ,6/17/2016 13:55,2016-06-17 15.30.00,ATA,TU 32AIMD,0
train_id_2975,6/17/2016,TU 0374 ,TUN,ALG,6/17/2016 13:45,2016-06-17 15.05.00,ATA,TU 332IFN,17
train_id_2976,6/17/2016,TU 0903 ,MRS,TUN,6/17/2016 15:30,2016-06-17 17.05.00,ATA,TU 32AIMF,22
train_id_2977,6/17/2016,UG 0008 ,TUN,DJE,6/17/2016 17:50,2016-06-17 18.45.00,ATA,TU 32AIMG,50
train_id_2978,6/17/2016,TU 0722 ,TUN,ORY,6/17/2016 13:55,2016-06-17 16.20.00,ATA,TU 32AIML,14
train_id_2979,6/17/2016,TU 0441 ,ORY,MIR,6/17/2016 14:20,2016-06-17 16.55.00,ATA,TU 736IOK,3
train_id_2980,6/17/2016,TU 0757 ,MXP,TUN,6/17/2016 15:05,2016-06-17 17.00.00,ATA,TU 32AIMG,54
train_id_2981,6/17/2016,TU 0226 ,TUN,BEG,6/17/2016 14:25,2016-06-17 16.25.00,ATA,TU 31BIMQ,4
train_id_2982,6/17/2016,TU 0375 ,ALG,TUN,6/17/2016 16:05,2016-06-17 17.15.00,ATA,TU 332IFN,30
train_id_2983,6/17/2016,TU 0721 ,ORY,TUN,6/17/2016 15:45,2016-06-17 18.10.00,ATA,TU 320IMR,5
train_id_2984,6/17/2016,TU 0527 ,DJE,TUN,6/17/2016 16:00,2016-06-17 16.50.00,ATA,TU 32AIMN,0
train_id_2985,6/17/2016,TU 0701 ,GVA,TUN,6/17/2016 16:10,2016-06-17 18.05.00,ATA,TU 320IMV,0
train_id_2986,6/17/2016,TU 0851 ,LYS,TUN,6/17/2016 16:25,2016-06-17 18.20.00,ATA,TU 31BIMO,0
train_id_2987,6/17/2016,TU 0363 ,BLQ,TUN,6/17/2016 16:20,2016-06-17 17.50.00,ATA,TU 32AIMD,19
train_id_2988,6/17/2016,TU 0543 ,MUC,TUN,6/17/2016 16:10,2016-06-17 18.25.00,ATA,TU 32AIMP,15
train_id_2989,6/17/2016,TU 0216 ,TUN,IST,6/17/2016 15:55,2016-06-17 18.30.00,ATA,TU 32AIMM,50
train_id_2990,6/17/2016,TU 0735 ,ORY,DJE,6/17/2016 17:10,2016-06-17 19.55.00,ATA,TU 31AIMJ,0
train_id_2991,6/17/2016,UG 0009 ,DJE,TUN,6/17/2016 19:35,2016-06-17 20.25.00,ATA,TU 32AIMG,101
train_id_2992,6/17/2016,TU 0791 ,LHR,TUN,6/17/2016 16:55,2016-06-17 19.50.00,ATA,TU 320IMU,6
train_id_2993,6/17/2016,TU 0649 ,FRA,DJE,6/17/2016 17:00,2016-06-17 19.50.00,ATA,TU 736IOR,0
train_id_2994,6/17/2016,TU 0227 ,BEG,TUN,6/17/2016 17:25,2016-06-17 19.25.00,ATA,TU 31BIMQ,0
train_id_2995,6/17/2016,TU 0607 ,MAD,TUN,6/17/2016 17:25,2016-06-17 19.30.00,ATA,TU 320IMS,43
train_id_2996,6/17/2016,TU 0247 ,SXB,TUN,6/17/2016 16:50,2016-06-17 19.05.00,ATA,TU 736IOL,30
train_id_2997,6/17/2016,TU 0723 ,ORY,TUN,6/17/2016 17:50,2016-06-17 20.20.00,ATA,TU 32AIML,0
train_id_2998,6/17/2016,TU 0555 ,SXB,DJE,6/17/2016 18:00,2016-06-17 20.40.00,ATA,TU 736ION,20
