ID,DATOP,FLTID,DEPSTN,ARRSTN,STD,STA,STATUS,AC,target,target category,Duration
train_id_7,1/18/2016,34,32,37,1/18/2016 7:35,1/18/2016 9:55,ATA,TU 32AIMI,15,Common,2:20:00
train_id_10,1/18/2016,34,32,17,1/18/2016 7:55,1/18/2016 9:30,ATA,TU 32AIMF,12,Common,1:35:00
train_id_11,1/20/2016,34,32,37,1/20/2016 18:30,1/20/2016 20:50,ATA,TU 32AIMP,18,Common,2:20:00
train_id_16,1/22/2016,34,20,31,1/22/2016 18:30,1/22/2016 21:00,ATA,TU 332IFN,37,Medium,2:30:00
train_id_19,1/23/2016,34,32,45,1/23/2016 8:50,1/23/2016 9:45,ATA,TU 736IOL,19,Common,0:55:00
train_id_20,1/23/2016,34,20,31,1/23/2016 10:55,1/23/2016 13:20,ATA,TU 32AIMI,27,Common,2:25:00
train_id_26,2/2/2016,34,20,31,2/2/2016 18:30,2/2/2016 20:55,ATA,TU 320IMR,0,ONTIME,2:25:00
train_id_31,2/4/2016,34,32,17,2/4/2016 8:25,2/4/2016 10:00,ATA,TU 31AIMK,49,Medium,1:35:00
train_id_36,2/4/2016,34,61,45,2/4/2016 15:05,2/4/2016 15:45,ATA,TU 31AIMJ,20,Common,0:40:00
train_id_42,2/5/2016,34,32,17,2/5/2016 14:05,2/5/2016 15:45,ATA,TU 736IOK,50,Medium,1:40:00
train_id_43,2/5/2016,34,20,31,2/5/2016 10:55,2/5/2016 13:15,ATA,TU 320IMS,12,Common,2:20:00
train_id_45,2/5/2016,34,32,37,2/5/2016 18:30,2/5/2016 20:50,ATA,TU 32AIMN,10,Common,2:20:00
train_id_46,2/6/2016,34,20,45,2/6/2016 17:40,2/6/2016 20:25,ATA,TU 320IMS,147,Severe,2:45:00
train_id_53,2/10/2016,34,32,37,2/10/2016 15:10,2/10/2016 17:30,ATA,TU 320IMW,0,ONTIME,2:20:00
train_id_54,2/10/2016,34,20,31,2/10/2016 14:55,2/10/2016 17:20,ATA,TU 32AIMF,5,Common,2:25:00
train_id_56,2/14/2016,34,32,37,2/14/2016 12:20,2/14/2016 14:40,ATA,TU 320IMU,236,Severe,2:20:00
train_id_60,2/24/2016,34,32,37,2/24/2016 11:35,2/24/2016 13:55,ATA,TU 320IMR,25,Common,2:20:00
train_id_65,2/29/2016,34,61,45,2/29/2016 15:15,2/29/2016 15:55,ATA,TU 32AIMF,0,ONTIME,0:40:00
train_id_70,3/5/2016,34,32,37,3/5/2016 7:35,3/5/2016 9:55,ATA,TU 32AIMI,11,Common,2:20:00
train_id_71,3/5/2016,34,32,45,3/5/2016 13:05,3/5/2016 13:55,ATA,TU 736IOP,7,Common,0:50:00
train_id_72,3/5/2016,34,32,17,3/5/2016 13:15,3/5/2016 14:55,ATA,TU 32AIML,13,Common,1:40:00
train_id_94,6/5/2016,34,27,45,6/5/2016 15:15,6/5/2016 17:15,ATA,TU 736IOK,7,Common,2:00:00
train_id_95,6/5/2016,34,20,31,6/5/2016 14:55,6/5/2016 17:20,ATA,TU 332IFM,45,Medium,2:25:00
train_id_96,6/5/2016,34,20,45,6/5/2016 16:05,6/5/2016 18:50,ATA,TU 32AIMN,18,Common,2:45:00
train_id_110,6/18/2016,34,20,44,6/18/2016 14:35,6/18/2016 17:10,ATA,TU 736IOK,5,Common,2:35:00
train_id_111,6/18/2016,34,32,45,6/18/2016 20:05,6/18/2016 21:00,ATA,TU 736ION,0,ONTIME,0:55:00
train_id_112,6/18/2016,34,61,31,6/18/2016 22:40,6/18/2016 23:20,ATA,TU 736IOK,0,ONTIME,0:40:00
train_id_118,6/21/2016,34,32,37,6/21/2016 6:50,6/21/2016 9:10,ATA,TU 32AIML,9,Common,2:20:00
train_id_119,6/21/2016,34,63,31,6/21/2016 12:35,6/21/2016 13:25,ATA,TU 736ION,0,ONTIME,0:50:00
train_id_120,6/21/2016,34,32,37,6/21/2016 13:55,6/21/2016 16:20,ATA,TU 332IFN,19,Common,2:25:00
train_id_128,7/3/2016,34,27,31,7/3/2016 13:50,7/3/2016 15:25,ATA,TU 32AIMF,0,ONTIME,1:35:00
train_id_142,7/8/2016,34,27,31,7/8/2016 8:50,7/8/2016 10:25,ATA,TU 32AIML,10,Common,1:35:00
train_id_145,7/8/2016,34,32,37,7/8/2016 9:20,7/8/2016 11:40,ATA,TU 32AIMG,4,Common,2:20:00
train_id_147,7/8/2016,34,61,31,7/8/2016 10:25,7/8/2016 11:00,ATA,TU 320IMS,0,ONTIME,0:35:00
train_id_148,7/8/2016,34,20,45,7/8/2016 9:50,7/8/2016 12:35,ATA,TU 31AIMK,15,Common,2:45:00
train_id_150,7/8/2016,34,20,31,7/8/2016 10:30,7/8/2016 12:55,ATA,TU 320IMT,0,ONTIME,2:25:00
train_id_157,7/23/2016,34,63,37,7/23/2016 6:05,7/23/2016 8:50,ATA,TU 31AIMJ,5,Common,2:45:00
train_id_159,7/23/2016,34,20,31,7/23/2016 6:00,7/23/2016 8:25,ATA,TU 32AIMI,15,Common,2:25:00
train_id_160,7/23/2016,34,32,17,7/23/2016 6:25,7/23/2016 8:00,ATA,TU 320IMS,0,ONTIME,1:35:00
train_id_164,7/23/2016,34,32,37,7/23/2016 6:50,7/23/2016 9:10,ATA,TU 32AIMH,0,ONTIME,2:20:00
train_id_173,7/23/2016,34,63,37,7/23/2016 12:00,7/23/2016 14:45,ATA,TU 736IOL,0,ONTIME,2:45:00
train_id_177,7/26/2016,34,32,37,7/26/2016 9:20,7/26/2016 11:40,ATA,TU 320IMW,24,Common,2:20:00
train_id_178,7/26/2016,34,20,45,7/26/2016 9:50,7/26/2016 12:40,ATA,TU 32AIML,18,Common,2:50:00
train_id_183,4/22/2016,34,32,17,4/22/2016 11:25,4/22/2016 13:00,ATA,TU 320IMT,14,Common,1:35:00
train_id_184,4/22/2016,34,32,37,4/22/2016 12:25,4/22/2016 14:45,ATA,TU 320IMU,8,Common,2:20:00
train_id_189,4/22/2016,34,27,31,4/22/2016 13:50,4/22/2016 15:25,ATA,TU 320IMT,5,Common,1:35:00
train_id_192,4/22/2016,34,32,37,4/22/2016 13:55,4/22/2016 16:20,ATA,TU 320IMS,9,Common,2:25:00
train_id_195,4/22/2016,34,20,31,4/22/2016 17:50,4/22/2016 20:20,ATA,TU 320IMS,0,ONTIME,2:30:00
train_id_196,4/22/2016,34,32,37,4/22/2016 18:20,4/22/2016 20:40,ATA,TU 32AIMD,0,ONTIME,2:20:00
train_id_198,4/23/2016,34,32,44,4/23/2016 4:00,4/23/2016 4:40,ATA,TU 32AIMI,0,ONTIME,0:40:00
train_id_199,4/23/2016,34,32,44,4/23/2016 4:30,4/23/2016 5:05,ATA,TU 32AIMC,0,ONTIME,0:35:00
train_id_200,4/23/2016,34,63,44,4/23/2016 4:40,4/23/2016 5:20,ATA,TU 32AIMF,0,ONTIME,0:40:00
train_id_202,4/23/2016,34,63,31,4/23/2016 6:30,4/23/2016 7:20,ATA,TU 736IOK,0,ONTIME,0:50:00
train_id_205,4/23/2016,34,27,31,4/23/2016 8:50,4/23/2016 10:25,ATA,TU 32AIML,0,ONTIME,1:35:00
train_id_207,4/23/2016,34,20,31,4/23/2016 10:15,4/23/2016 12:40,ATA,TU 320IMR,10,Common,2:25:00
train_id_208,4/23/2016,34,20,31,4/23/2016 12:40,4/23/2016 15:05,ATA,TU 320IMW,5,Common,2:25:00
train_id_214,4/23/2016,34,61,17,4/23/2016 17:00,4/23/2016 18:45,ATA,TU 32AIMC,14,Common,1:45:00
train_id_215,4/23/2016,34,20,31,4/23/2016 17:50,4/23/2016 20:15,ATA,TU 320IMV,14,Common,2:25:00
train_id_217,4/23/2016,34,32,45,4/23/2016 20:35,4/23/2016 21:25,ATA,TU 320IMS,0,ONTIME,0:50:00
train_id_218,4/24/2016,34,20,31,4/24/2016 6:00,4/24/2016 8:25,ATA,TU 320IMU,0,ONTIME,2:25:00
train_id_220,4/24/2016,34,32,17,4/24/2016 11:25,4/24/2016 13:00,ATA,TU 32AIMC,8,Common,1:35:00
train_id_221,4/24/2016,34,27,31,4/24/2016 18:40,4/24/2016 20:15,ATA,TU 32AIMC,0,ONTIME,1:35:00
train_id_222,4/24/2016,34,32,17,4/24/2016 16:15,4/24/2016 17:50,ATA,TU 32AIMC,22,Common,1:35:00
train_id_223,4/24/2016,34,27,31,4/24/2016 13:50,4/24/2016 15:25,ATA,TU 32AIMC,10,Common,1:35:00
train_id_224,4/24/2016,34,32,17,4/24/2016 6:25,4/24/2016 8:00,ATA,TU 32AIMC,0,ONTIME,1:35:00
train_id_229,4/24/2016,34,20,31,4/24/2016 14:55,4/24/2016 17:20,ATA,TU 332IFN,24,Common,2:25:00
train_id_234,4/25/2016,34,63,37,4/25/2016 6:05,4/25/2016 8:50,ATA,TU 31AIMK,0,ONTIME,2:45:00
train_id_240,4/25/2016,34,27,31,4/25/2016 8:50,4/25/2016 10:25,ATA,TU 32AIMC,8,Common,1:35:00
train_id_246,4/25/2016,34,61,45,4/25/2016 21:35,4/25/2016 22:15,ATA,TU 32AIMF,0,ONTIME,0:40:00
train_id_253,4/26/2016,34,32,45,4/26/2016 12:10,4/26/2016 13:05,ATA,TU 736IOK,0,ONTIME,0:55:00
train_id_258,4/27/2016,34,63,31,4/27/2016 4:20,4/27/2016 5:10,ATA,TU 320IMR,275,Severe,0:50:00
train_id_261,4/27/2016,34,32,45,4/27/2016 13:55,4/27/2016 14:50,ATA,TU 32AIMF,0,ONTIME,0:55:00
train_id_263,4/27/2016,34,20,31,4/27/2016 15:45,4/27/2016 18:10,ATA,TU 320IMS,38,Medium,2:25:00
train_id_270,4/28/2016,34,32,17,4/28/2016 6:25,4/28/2016 8:00,ATA,TU 32AIMN,41,Medium,1:35:00
train_id_273,4/28/2016,34,32,37,4/28/2016 6:50,4/28/2016 9:10,ATA,TU 320IMT,58,Medium,2:20:00
train_id_279,4/28/2016,34,20,31,4/28/2016 15:45,4/28/2016 18:10,ATA,TU 320IMW,13,Common,2:25:00
train_id_287,4/28/2016,34,27,44,4/28/2016 19:50,4/28/2016 21:35,ATA,TU 736IOQ,10,Common,1:45:00
train_id_297,4/30/2016,34,32,44,4/30/2016 4:00,4/30/2016 4:40,ATA,TU 736IOR,0,ONTIME,0:40:00
train_id_299,4/30/2016,34,32,17,4/30/2016 6:25,4/30/2016 8:00,ATA,TU 32AIMC,16,Common,1:35:00
train_id_303,4/30/2016,34,32,37,4/30/2016 6:50,4/30/2016 9:10,ATA,TU 32AIMP,22,Common,2:20:00
train_id_306,4/30/2016,34,61,37,4/30/2016 11:15,4/30/2016 13:45,ATA,TU 736IOR,160,Severe,2:30:00
train_id_309,4/30/2016,34,63,31,4/30/2016 12:35,4/30/2016 13:25,ATA,TU 736IOQ,35,Medium,0:50:00
train_id_312,4/30/2016,34,61,45,4/30/2016 13:15,4/30/2016 13:55,ATA,TU 32AIMF,0,ONTIME,0:40:00
train_id_313,4/30/2016,34,20,31,4/30/2016 12:40,4/30/2016 15:05,ATA,TU 32AIML,35,Medium,2:25:00
train_id_315,4/30/2016,34,27,31,4/30/2016 18:40,4/30/2016 20:15,ATA,TU 32AIMC,26,Common,1:35:00
train_id_320,1/1/2016,34,32,37,1/1/2016 10:05,1/1/2016 12:25,ATA,TU 320IMU,14,Common,2:20:00
train_id_323,1/9/2016,34,32,37,1/9/2016 10:05,1/9/2016 12:20,ATA,TU 32AIMP,78,Severe,2:15:00
train_id_324,1/9/2016,34,61,17,1/9/2016 7:00,1/9/2016 8:45,ATA,TU 31AIMK,10,Common,1:45:00
train_id_350,1/21/2016,34,20,31,1/21/2016 14:55,1/21/2016 17:20,ATA,TU 32AIMF,35,Medium,2:25:00
train_id_351,1/21/2016,34,32,37,1/21/2016 15:10,1/21/2016 17:30,ATA,TU 32AIMC,0,ONTIME,2:20:00
train_id_361,1/31/2016,34,20,45,1/31/2016 17:15,1/31/2016 20:00,ATA,TU 736IOP,40,Medium,2:45:00
train_id_362,2/1/2016,34,63,44,2/1/2016 7:00,2/1/2016 7:40,ATA,TU 31AIMJ,0,ONTIME,0:40:00
train_id_368,2/6/2016,34,27,44,2/6/2016 9:40,2/6/2016 11:20,ATA,TU 31AIMK,10,Common,1:40:00
train_id_370,2/6/2016,34,63,37,2/6/2016 14:00,2/6/2016 16:40,ATA,TU 320IMS,148,Severe,2:40:00
train_id_374,2/6/2016,34,20,31,2/6/2016 18:30,2/6/2016 21:00,ATA,TU 320IMW,0,ONTIME,2:30:00
train_id_375,2/6/2016,34,32,37,2/6/2016 18:30,2/6/2016 20:50,ATA,TU 32AIMN,0,ONTIME,2:20:00
train_id_388,2/21/2016,34,27,31,2/21/2016 16:35,2/21/2016 18:10,ATA,TU 332IFN,55,Medium,1:35:00
train_id_393,3/6/2016,34,63,31,3/6/2016 2:20,3/6/2016 3:05,ATA,TU 320IMV,0,ONTIME,0:45:00
train_id_395,4/3/2016,34,32,17,4/3/2016 6:25,4/3/2016 8:00,ATA,TU 320IMW,10,Common,1:35:00
train_id_400,4/7/2016,34,20,45,4/7/2016 9:50,4/7/2016 12:35,ATA,TU 736IOR,20,Common,2:45:00
train_id_402,4/9/2016,34,20,31,4/9/2016 6:00,4/9/2016 8:25,ATA,TU 320IMR,10,Common,2:25:00
train_id_403,4/11/2016,34,63,31,4/11/2016 12:00,4/11/2016 12:50,ATA,TU 31AIMJ,0,ONTIME,0:50:00
train_id_404,4/13/2016,34,63,37,4/13/2016 6:05,4/13/2016 8:50,ATA,TU 736IOR,10,Common,2:45:00
train_id_406,4/12/2016,34,32,37,4/12/2016 13:55,4/12/2016 16:20,ATA,TU 320IMW,0,ONTIME,2:25:00
train_id_407,4/12/2016,34,32,17,4/12/2016 13:55,4/12/2016 15:30,ATA,TU 736IOK,5,Common,1:35:00
train_id_409,4/20/2016,34,63,37,4/20/2016 6:05,4/20/2016 8:50,ATA,TU 736IOK,0,ONTIME,2:45:00
train_id_410,4/24/2016,34,61,37,4/24/2016 5:05,4/24/2016 7:30,ATA,TU 736IOQ,0,ONTIME,2:25:00
train_id_412,4/25/2016,34,20,31,4/25/2016 15:45,4/25/2016 18:10,ATA,TU 320IMU,16,Common,2:25:00
train_id_415,7/9/2016,34,32,17,7/9/2016 6:25,7/9/2016 8:00,ATA,TU 32AIMD,11,Common,1:35:00
train_id_416,7/9/2016,34,32,37,7/9/2016 6:50,7/9/2016 9:10,ATA,TU 32AIML,0,ONTIME,2:20:00
train_id_423,7/20/2016,34,27,31,7/20/2016 18:40,7/20/2016 20:15,ATA,TU 31BIMO,0,ONTIME,1:35:00
train_id_426,7/28/2016,34,32,45,7/28/2016 4:10,7/28/2016 5:00,ATA,TU 31AIMK,0,ONTIME,0:50:00
train_id_436,8/4/2016,34,63,37,8/4/2016 6:05,8/4/2016 8:50,ATA,TU 31AIMK,0,ONTIME,2:45:00
train_id_444,8/7/2016,34,32,37,8/7/2016 6:50,8/7/2016 9:10,ATA,TU 332IFN,49,Medium,2:20:00
train_id_448,8/7/2016,34,32,37,8/7/2016 18:20,8/7/2016 20:40,ATA,TU 320IMV,20,Common,2:20:00
train_id_449,8/7/2016,34,63,31,8/7/2016 22:10,8/7/2016 23:05,ATA,TU 736IOK,0,ONTIME,0:55:00
train_id_453,8/9/2016,34,20,31,8/9/2016 15:45,8/9/2016 18:10,ATA,TU 320IMU,25,Common,2:25:00
train_id_455,8/14/2016,34,32,37,8/14/2016 14:30,8/14/2016 16:50,ATA,TU 32AIMI,26,Common,2:20:00
train_id_457,8/15/2016,34,20,31,8/15/2016 6:00,8/15/2016 8:25,ATA,TU 320IMR,8,Common,2:25:00
train_id_458,8/15/2016,34,63,37,8/15/2016 6:05,8/15/2016 8:50,ATA,TU 31AIMK,0,ONTIME,2:45:00
train_id_459,8/15/2016,34,32,17,8/15/2016 6:25,8/15/2016 8:00,ATA,TU 32AIMF,0,ONTIME,1:35:00
train_id_466,8/19/2016,34,27,31,8/19/2016 8:50,8/19/2016 10:25,ATA,TU 32AIMF,36,Medium,1:35:00
train_id_474,8/24/2016,34,20,31,8/24/2016 6:00,8/24/2016 8:25,ATA,TU 320IMV,7,Common,2:25:00
train_id_475,8/24/2016,34,63,37,8/24/2016 6:05,8/24/2016 8:50,ATA,TU 31AIMJ,0,ONTIME,2:45:00
train_id_477,8/24/2016,34,32,17,8/24/2016 6:25,8/24/2016 8:00,ATA,TU 32AIMI,5,Common,1:35:00
train_id_480,8/24/2016,34,32,37,8/24/2016 6:50,8/24/2016 9:10,ATA,5M 343SUN,100,Severe,2:20:00
train_id_488,8/26/2016,34,32,17,8/26/2016 19:00,8/26/2016 20:35,ATA,TU 320IMS,26,Common,1:35:00
train_id_490,8/27/2016,34,20,31,8/27/2016 12:40,8/27/2016 15:05,ATA,TU 320IMW,110,Severe,2:25:00
train_id_495,4/9/2016,34,32,37,4/9/2016 14:30,4/9/2016 16:50,ATA,TU 320IMS,11,Common,2:20:00
train_id_498,4/9/2016,34,20,31,4/9/2016 14:55,4/9/2016 17:20,ATA,TU 332IFM,27,Common,2:25:00
train_id_505,4/10/2016,34,32,37,4/10/2016 6:50,4/10/2016 9:10,ATA,TU 32AIMN,12,Common,2:20:00
train_id_519,4/10/2016,34,32,37,4/10/2016 10:50,4/10/2016 13:15,ATA,TU 332IFM,28,Common,2:25:00
train_id_522,4/10/2016,34,32,17,4/10/2016 11:25,4/10/2016 13:00,ATA,TU 320IMR,17,Common,1:35:00
train_id_525,4/10/2016,34,63,37,4/10/2016 12:30,4/10/2016 15:10,ATA,TU 31AIMJ,0,ONTIME,2:40:00
train_id_526,4/10/2016,34,63,17,4/10/2016 12:25,4/10/2016 14:25,ATA,TU 736IOR,10,Common,2:00:00
train_id_527,4/10/2016,34,27,45,4/10/2016 15:15,4/10/2016 17:15,ATA,TU 736IOR,6,Common,2:00:00
train_id_532,4/10/2016,34,20,45,4/10/2016 16:05,4/10/2016 18:50,ATA,TU 31AIMJ,15,Common,2:45:00
train_id_535,4/10/2016,34,32,17,4/10/2016 16:15,4/10/2016 17:50,ATA,TU 32AIMI,18,Common,1:35:00
train_id_543,4/10/2016,34,20,31,4/10/2016 17:50,4/10/2016 20:15,ATA,TU 32AIMH,28,Common,2:25:00
train_id_548,4/10/2016,34,27,31,4/10/2016 18:40,4/10/2016 20:15,ATA,TU 32AIMI,12,Common,1:35:00
train_id_559,4/11/2016,34,27,31,4/11/2016 8:50,4/11/2016 10:25,ATA,TU 320IMS,0,ONTIME,1:35:00
train_id_563,4/11/2016,34,61,37,4/11/2016 11:00,4/11/2016 13:30,ATA,TU 736IOK,0,ONTIME,2:30:00
train_id_564,4/11/2016,34,32,44,4/11/2016 11:50,4/11/2016 12:25,ATA,TU 32AIMN,39,Medium,0:35:00
train_id_570,4/11/2016,34,32,17,4/11/2016 11:25,4/11/2016 13:00,ATA,TU 320IMS,10,Common,1:35:00
train_id_573,4/11/2016,34,27,45,4/11/2016 13:40,4/11/2016 15:40,ATA,TU 31AIMK,0,ONTIME,2:00:00
train_id_579,4/11/2016,34,20,31,4/11/2016 15:45,4/11/2016 18:10,ATA,TU 32AIMI,105,Severe,2:25:00
train_id_581,4/11/2016,34,20,45,4/11/2016 17:10,4/11/2016 19:55,ATA,TU 736IOR,125,Severe,2:45:00
train_id_582,4/11/2016,34,61,31,4/11/2016 17:45,4/11/2016 18:20,ATA,TU 736IOK,0,ONTIME,0:35:00
train_id_583,4/11/2016,34,20,31,4/11/2016 17:50,4/11/2016 20:15,ATA,TU 32AIMF,0,ONTIME,2:25:00
train_id_585,4/11/2016,34,32,37,4/11/2016 18:20,4/11/2016 20:40,ATA,TU 320IMS,0,ONTIME,2:20:00
train_id_592,4/11/2016,34,32,45,4/11/2016 19:40,4/11/2016 20:35,ATA,TU 31AIMJ,58,Medium,0:55:00
train_id_601,4/13/2016,34,27,31,4/13/2016 8:50,4/13/2016 10:25,ATA,TU 32AIMG,152,Severe,1:35:00
train_id_602,4/13/2016,34,63,31,4/13/2016 9:50,4/13/2016 10:40,ATA,TU 320IMW,25,Common,0:50:00
train_id_609,4/13/2016,34,20,45,4/13/2016 9:50,4/13/2016 12:35,ATA,TU 736IOR,12,Common,2:45:00
train_id_612,4/13/2016,34,20,31,4/13/2016 10:15,4/13/2016 12:40,ATA,TU 320IMU,4,Common,2:25:00
train_id_614,4/13/2016,34,32,37,4/13/2016 12:25,4/13/2016 14:45,ATA,TU 320IMT,0,ONTIME,2:20:00
train_id_616,4/13/2016,34,27,31,4/13/2016 13:50,4/13/2016 15:25,ATA,TU 320IMW,54,Medium,1:35:00
train_id_622,4/14/2016,34,32,17,4/14/2016 6:25,4/14/2016 8:00,ATA,TU 32AIMF,25,Common,1:35:00
train_id_625,4/14/2016,34,27,31,4/14/2016 8:50,4/14/2016 10:25,ATA,TU 32AIMF,30,Medium,1:35:00
train_id_626,4/14/2016,34,32,44,4/14/2016 9:30,4/14/2016 10:10,ATA,TU 736IOK,0,ONTIME,0:40:00
train_id_627,4/14/2016,34,20,45,4/14/2016 9:50,4/14/2016 12:35,ATA,TU 736IOR,0,ONTIME,2:45:00
train_id_634,4/14/2016,34,61,37,4/14/2016 11:00,4/14/2016 13:30,ATA,TU 736IOK,0,ONTIME,2:30:00
train_id_636,4/14/2016,34,63,44,4/14/2016 11:35,4/14/2016 12:20,ATA,TU 32AIMN,0,ONTIME,0:45:00
train_id_637,4/14/2016,34,63,44,4/14/2016 11:45,4/14/2016 12:30,ATA,TU 31AIMJ,0,ONTIME,0:45:00
train_id_639,4/14/2016,34,61,17,4/14/2016 13:15,4/14/2016 15:05,ATA,TU 31AIMJ,0,ONTIME,1:50:00
train_id_642,4/14/2016,34,32,17,4/14/2016 13:50,4/14/2016 15:30,ATA,TU 32AIMG,0,ONTIME,1:40:00
train_id_643,4/14/2016,34,32,37,4/14/2016 13:55,4/14/2016 16:20,ATA,TU 320IMS,0,ONTIME,2:25:00
train_id_653,4/14/2016,34,61,45,4/14/2016 18:25,4/14/2016 19:10,ATA,TU 31AIMJ,0,ONTIME,0:45:00
train_id_655,4/14/2016,34,32,37,4/14/2016 18:20,4/14/2016 20:40,ATA,TU 320IMV,12,Common,2:20:00
train_id_656,4/14/2016,34,61,45,4/14/2016 18:45,4/14/2016 19:30,ATA,TU 32AIMN,0,ONTIME,0:45:00
train_id_664,4/15/2016,34,32,37,4/15/2016 9:20,4/15/2016 11:40,ATA,TU 320IMV,6,Common,2:20:00
train_id_666,4/15/2016,34,20,45,4/15/2016 9:50,4/15/2016 12:35,ATA,TU 32AIMN,8,Common,2:45:00
train_id_673,4/15/2016,34,61,37,4/15/2016 11:00,4/15/2016 13:30,ATA,TU 736IOK,0,ONTIME,2:30:00
train_id_680,4/15/2016,34,63,37,4/15/2016 13:30,4/15/2016 16:10,ATA,TU 32AIMN,0,ONTIME,2:40:00
train_id_684,4/15/2016,34,63,31,4/15/2016 15:15,4/15/2016 16:05,ATA,TU 32AIMD,8,Common,0:50:00
train_id_685,4/15/2016,34,20,31,4/15/2016 15:45,4/15/2016 18:10,ATA,TU 320IMU,39,Medium,2:25:00
train_id_690,1/3/2016,34,32,17,1/3/2016 7:55,1/3/2016 9:30,ATA,TU 320IMR,21,Common,1:35:00
train_id_691,1/3/2016,34,61,37,1/3/2016 8:10,1/3/2016 10:35,ATA,TU 31AIMK,0,ONTIME,2:25:00
train_id_694,1/12/2016,34,27,31,1/12/2016 10:20,1/12/2016 11:55,ATA,TU 736IOK,18,Common,1:35:00
train_id_695,1/14/2016,34,32,17,1/14/2016 8:20,1/14/2016 9:55,ATA,TU 320IMV,0,ONTIME,1:35:00
train_id_697,1/16/2016,34,20,31,1/16/2016 18:30,1/16/2016 21:00,ATA,TU 32AIMP,0,ONTIME,2:30:00
train_id_698,1/16/2016,34,32,37,1/16/2016 18:30,1/16/2016 20:50,ATA,TU 320IMR,24,Common,2:20:00
train_id_699,1/16/2016,34,20,45,1/16/2016 18:10,1/16/2016 20:55,ATA,TU 32AIML,45,Medium,2:45:00
train_id_701,1/17/2016,34,20,31,1/17/2016 16:00,1/17/2016 18:25,ATA,TU 332IFM,55,Medium,2:25:00
train_id_703,1/23/2016,34,63,31,1/23/2016 16:55,1/23/2016 17:45,ATA,TU 736IOP,0,ONTIME,0:50:00
train_id_706,2/1/2016,34,20,31,2/1/2016 14:55,2/1/2016 17:20,ATA,TU 32AIMN,16,Common,2:25:00
train_id_707,2/1/2016,34,32,37,2/1/2016 15:10,2/1/2016 17:30,ATA,TU 32AIMF,0,ONTIME,2:20:00
train_id_711,2/1/2016,34,32,37,2/1/2016 18:30,2/1/2016 20:50,ATA,TU 32AIMP,0,ONTIME,2:20:00
train_id_712,2/1/2016,34,20,31,2/1/2016 18:30,2/1/2016 20:55,ATA,TU 32AIMF,6,Common,2:25:00
train_id_718,2/19/2016,34,32,37,2/19/2016 7:35,2/19/2016 9:50,ATA,TU 320IMV,0,ONTIME,2:15:00
train_id_720,3/5/2016,34,32,17,3/5/2016 7:55,3/5/2016 9:30,ATA,TU 32AIMD,6,Common,1:35:00
train_id_721,3/10/2016,34,61,37,3/10/2016 13:40,3/10/2016 16:10,ATA,TU 736IOK,20,Common,2:30:00
train_id_722,3/10/2016,34,61,45,3/10/2016 14:15,3/10/2016 15:00,ATA,TU 736IOR,0,ONTIME,0:45:00
train_id_728,3/24/2016,34,32,44,3/24/2016 12:10,3/24/2016 12:50,ATA,TU 736IOK,24,Common,0:40:00
train_id_729,3/26/2016,34,20,31,3/26/2016 14:35,3/26/2016 16:55,ATA,TU 32AIMD,15,Common,2:20:00
train_id_730,3/27/2016,34,27,45,3/27/2016 15:15,3/27/2016 17:15,ATA,TU 736IOR,0,ONTIME,2:00:00
train_id_732,3/27/2016,34,20,31,3/27/2016 15:45,3/27/2016 18:10,ATA,TU 32AIMI,13,Common,2:25:00
train_id_734,3/27/2016,34,20,45,3/27/2016 16:05,3/27/2016 18:50,ATA,TU 31AIMK,7,Common,2:45:00
train_id_754,6/4/2016,34,32,37,6/4/2016 10:50,6/4/2016 13:15,ATA,TU 32AIMP,9,Common,2:25:00
train_id_756,6/4/2016,34,20,31,6/4/2016 14:55,6/4/2016 17:20,ATA,TU 32AIMP,8,Common,2:25:00
train_id_759,6/6/2016,34,20,44,6/6/2016 14:20,6/6/2016 16:55,ATA,TU 736IOK,0,ONTIME,2:35:00
train_id_761,6/10/2016,34,63,44,6/10/2016 23:05,6/10/2016 23:45,ATA,TU 31AIMJ,0,ONTIME,0:40:00
train_id_763,6/14/2016,34,63,44,6/14/2016 5:50,6/14/2016 6:35,ATA,TU 736IOR,0,ONTIME,0:45:00
train_id_765,6/14/2016,34,20,31,6/14/2016 6:00,6/14/2016 8:25,ATA,TU 32AIMM,0,ONTIME,2:25:00
train_id_767,6/16/2016,34,32,37,6/16/2016 6:50,6/16/2016 9:10,ATA,TU 320IMW,4,Common,2:20:00
train_id_780,7/3/2016,34,63,31,7/3/2016 21:00,7/3/2016 21:55,ATA,TU 736IOR,0,ONTIME,0:55:00
train_id_783,7/12/2016,34,32,45,7/12/2016 12:10,7/12/2016 13:05,ATA,TU 736IOK,0,ONTIME,0:55:00
train_id_793,7/14/2016,34,32,44,7/14/2016 11:15,7/14/2016 11:50,ATA,TU 320IMW,55,Medium,0:35:00
train_id_796,7/14/2016,34,32,44,7/14/2016 9:30,7/14/2016 10:10,ATA,TU 736IOK,20,Common,0:40:00
train_id_797,7/14/2016,34,20,31,7/14/2016 10:15,7/14/2016 12:40,ATA,TU 320IMV,25,Common,2:25:00
train_id_801,7/14/2016,34,61,17,7/14/2016 17:50,7/14/2016 19:35,ATA,TU 320IMW,0,ONTIME,1:45:00
train_id_808,7/25/2016,34,20,45,7/25/2016 9:50,7/25/2016 12:35,ATA,TU 32AIML,70,Severe,2:45:00
train_id_812,7/26/2016,42,32,45,7/26/2016 18:10,7/26/2016 19:00,ATA,TU 320IMW,0,ONTIME,0:50:00
train_id_817,7/30/2016,34,61,45,7/30/2016 18:10,7/30/2016 18:45,ATA,TU 736IOM,0,ONTIME,0:35:00
train_id_829,8/13/2016,34,32,37,8/13/2016 10:50,8/13/2016 13:15,ATA,TU 332IFM,52,Medium,2:25:00
train_id_833,8/14/2016,34,32,37,8/14/2016 18:20,8/14/2016 20:40,ATA,TU 320IMR,23,Common,2:20:00
train_id_835,8/17/2016,34,20,31,8/17/2016 15:45,8/17/2016 18:10,ATA,TU 332IFN,30,Medium,2:25:00
train_id_842,8/19/2016,34,20,45,8/19/2016 9:50,8/19/2016 12:35,ATA,TU 32AIMG,25,Common,2:45:00
train_id_843,8/19/2016,34,32,37,8/19/2016 9:20,8/19/2016 11:40,ATA,TU 332IFM,54,Medium,2:20:00
train_id_845,8/19/2016,34,32,37,8/19/2016 12:25,8/19/2016 14:45,ATA,TU 32AIMH,162,Severe,2:20:00
train_id_847,8/19/2016,34,20,31,8/19/2016 13:10,8/19/2016 15:35,ATA,TU 332IFM,45,Medium,2:25:00
train_id_859,1/2/2016,34,32,17,1/2/2016 15:35,1/2/2016 17:10,ATA,TU 320IMS,15,Common,1:35:00
train_id_866,1/7/2016,34,20,44,1/7/2016 17:05,1/7/2016 19:40,ATA,TU 736IOR,26,Common,2:35:00
train_id_869,1/15/2016,42,63,31,1/15/2016 7:35,1/15/2016 8:25,ATA,TU 31BIMQ,17,Common,0:50:00
train_id_873,1/23/2016,34,63,37,1/23/2016 10:35,1/23/2016 13:15,ATA,TU 736IOL,45,Medium,2:40:00
train_id_876,1/31/2016,34,63,37,1/31/2016 13:35,1/31/2016 16:15,ATA,TU 736IOP,17,Common,2:40:00
train_id_877,1/31/2016,34,63,31,1/31/2016 14:00,1/31/2016 14:50,ATA,TU 32AIMH,0,ONTIME,0:50:00
train_id_878,2/1/2016,34,61,45,2/1/2016 15:15,2/1/2016 15:55,ATA,TU 31AIMJ,0,ONTIME,0:40:00
train_id_882,2/1/2016,34,27,31,2/1/2016 15:50,2/1/2016 17:25,ATA,TU 320IMV,5,Common,1:35:00
train_id_893,2/6/2016,34,20,31,2/6/2016 15:40,2/6/2016 18:05,ATA,TU 32AIMI,11,Common,2:25:00
train_id_896,2/8/2016,34,20,31,2/8/2016 18:30,2/8/2016 20:55,ATA,TU 320IMT,22,Common,2:25:00
train_id_897,2/8/2016,34,32,37,2/8/2016 18:30,2/8/2016 20:50,ATA,TU 32AIMI,0,ONTIME,2:20:00
train_id_904,2/29/2016,34,20,31,2/29/2016 18:30,2/29/2016 20:55,ATA,TU 32AIMH,3,Common,2:25:00
train_id_905,2/29/2016,34,32,37,2/29/2016 18:30,2/29/2016 20:50,ATA,TU 32AIMI,14,Common,2:20:00
train_id_911,3/14/2016,34,32,37,3/14/2016 11:35,3/14/2016 13:55,ATA,TU 32AIMG,0,ONTIME,2:20:00
train_id_914,3/20/2016,34,61,37,3/20/2016 8:10,3/20/2016 10:35,ATA,TU 31AIMJ,135,Severe,2:25:00
train_id_922,4/21/2016,34,20,31,4/21/2016 10:15,4/21/2016 12:40,ATA,TU 320IMT,11,Common,2:25:00
train_id_927,6/1/2016,42,32,45,6/1/2016 17:50,6/1/2016 18:45,ATA,TU 736IOK,0,ONTIME,0:55:00
train_id_933,6/3/2016,34,20,31,6/3/2016 6:00,6/3/2016 8:25,ATA,TU 32AIMD,10,Common,2:25:00
train_id_951,6/13/2016,34,32,37,6/13/2016 12:25,6/13/2016 14:45,ATA,TU 320IMR,4,Common,2:20:00
train_id_955,6/16/2016,34,20,31,6/16/2016 10:15,6/16/2016 12:40,ATA,TU 320IMW,13,Common,2:25:00
train_id_961,6/19/2016,34,20,31,6/19/2016 17:50,6/19/2016 20:15,ATA,TU 32AIMN,0,ONTIME,2:25:00
train_id_966,6/29/2016,42,63,31,6/29/2016 16:30,6/29/2016 17:30,ATA,TU 31BIMO,28,Common,1:00:00
train_id_967,6/29/2016,34,32,37,6/29/2016 18:20,6/29/2016 20:40,ATA,TU 320IMW,0,ONTIME,2:20:00
train_id_969,6/29/2016,34,20,31,6/29/2016 17:50,6/29/2016 20:15,ATA,TU 32AIMI,37,Medium,2:25:00
train_id_970,6/29/2016,34,27,31,6/29/2016 18:40,6/29/2016 20:15,ATA,TU 31BIMQ,0,ONTIME,1:35:00
train_id_976,7/3/2016,34,20,31,7/3/2016 15:40,7/3/2016 18:05,ATA,TU 332IFM,12,Common,2:25:00
train_id_977,7/3/2016,34,20,45,7/3/2016 16:05,7/3/2016 18:50,ATA,TU 31AIMJ,40,Medium,2:45:00
train_id_984,7/6/2016,34,20,31,7/6/2016 10:15,7/6/2016 12:40,ATA,TU 320IMS,8,Common,2:25:00
train_id_990,7/14/2016,34,20,31,7/14/2016 15:45,7/14/2016 18:10,ATA,TU 32AIMF,56,Medium,2:25:00
train_id_995,7/23/2016,34,61,37,7/23/2016 11:15,7/23/2016 13:45,ATA,TU 736IOP,7,Common,2:30:00
train_id_1003,7/30/2016,34,63,37,7/30/2016 6:05,7/30/2016 8:50,ATA,TU 31AIMK,0,ONTIME,2:45:00
train_id_1005,7/31/2016,34,27,31,7/31/2016 18:40,7/31/2016 20:15,ATA,TU 32AIMH,33,Medium,1:35:00
train_id_1011,8/13/2016,34,63,44,8/13/2016 4:35,8/13/2016 5:15,ATA,TU 32AIMI,5,Common,0:40:00
train_id_1026,4/15/2016,34,20,44,4/15/2016 14:20,4/15/2016 16:55,ATA,TU 736IOK,1738,Severe,2:35:00
train_id_1027,4/15/2016,34,32,37,4/15/2016 18:20,4/15/2016 20:40,ATA,TU 32AIMF,50,Medium,2:20:00
train_id_1028,4/15/2016,34,20,45,4/15/2016 17:10,4/15/2016 19:55,ATA,TU 32AIMN,0,ONTIME,2:45:00
train_id_1036,4/16/2016,34,27,31,4/16/2016 8:50,4/16/2016 10:25,ATA,TU 32AIMM,64,Severe,1:35:00
train_id_1037,4/16/2016,34,20,31,4/16/2016 10:15,4/16/2016 12:40,ATA,TU 32AIMP,32,Medium,2:25:00
train_id_1041,4/16/2016,34,32,37,4/16/2016 18:20,4/16/2016 20:40,ATA,TU 32AIMM,0,ONTIME,2:20:00
train_id_1046,4/16/2016,34,27,44,4/16/2016 19:35,4/16/2016 21:20,ATA,TU 31AIMK,0,ONTIME,1:45:00
train_id_1048,4/17/2016,34,63,17,4/17/2016 12:25,4/17/2016 14:25,ATA,TU 736IOQ,210,Severe,2:00:00
train_id_1053,4/17/2016,34,32,17,4/17/2016 6:25,4/17/2016 8:00,ATA,TU 320IMV,30,Medium,1:35:00
train_id_1054,4/17/2016,34,32,37,4/17/2016 6:50,4/17/2016 9:10,ATA,TU 32AIML,14,Common,2:20:00
train_id_1065,4/17/2016,34,27,31,4/17/2016 8:50,4/17/2016 10:25,ATA,TU 320IMV,55,Medium,1:35:00
train_id_1068,4/17/2016,34,20,44,4/17/2016 8:25,4/17/2016 10:55,ATA,TU 31AIMK,0,ONTIME,2:30:00
train_id_1074,4/17/2016,34,32,37,4/17/2016 9:20,4/17/2016 11:40,ATA,TU 32AIMM,14,Common,2:20:00
train_id_1075,4/17/2016,34,27,45,4/17/2016 15:15,4/17/2016 17:15,ATA,TU 736IOQ,202,Severe,2:00:00
train_id_1078,4/17/2016,34,20,31,4/17/2016 10:15,4/17/2016 12:40,ATA,TU 32AIML,7,Common,2:25:00
train_id_1083,4/17/2016,34,32,17,4/17/2016 11:25,4/17/2016 13:00,ATA,TU 320IMW,30,Medium,1:35:00
train_id_1091,4/17/2016,34,27,31,4/17/2016 18:40,4/17/2016 20:15,ATA,TU 32AIMI,32,Medium,1:35:00
train_id_1096,4/17/2016,34,63,31,4/17/2016 20:40,4/17/2016 21:30,ATA,TU 736IOR,0,ONTIME,0:50:00
train_id_1097,4/18/2016,34,32,17,4/18/2016 6:25,4/18/2016 8:00,ATA,TU 32AIMI,19,Common,1:35:00
train_id_1099,4/18/2016,34,27,31,4/18/2016 8:50,4/18/2016 10:25,ATA,TU 32AIMI,6,Common,1:35:00
train_id_1101,4/18/2016,34,20,45,4/18/2016 9:50,4/18/2016 12:35,ATA,TU 31AIMJ,0,ONTIME,2:45:00
train_id_1103,4/18/2016,34,20,31,4/18/2016 10:15,4/18/2016 12:40,ATA,TU 320IMT,15,Common,2:25:00
train_id_1108,4/18/2016,34,63,44,4/18/2016 13:30,4/18/2016 14:10,ATA,TU 31AIMJ,0,ONTIME,0:40:00
train_id_1110,4/18/2016,34,27,31,4/18/2016 13:50,4/18/2016 15:25,ATA,TU 32AIMI,15,Common,1:35:00
train_id_1114,4/18/2016,34,32,17,4/18/2016 16:15,4/18/2016 17:50,ATA,TU 32AIML,41,Medium,1:35:00
train_id_1119,4/18/2016,34,27,31,4/18/2016 18:40,4/18/2016 20:15,ATA,TU 32AIML,19,Common,1:35:00
train_id_1125,4/19/2016,34,32,37,4/19/2016 6:50,4/19/2016 9:10,ATA,TU 32AIMN,0,ONTIME,2:20:00
train_id_1129,4/20/2016,34,32,45,4/20/2016 4:55,4/20/2016 5:50,ATA,TU 32AIMF,0,ONTIME,0:55:00
train_id_1133,4/20/2016,34,63,31,4/20/2016 6:40,4/20/2016 7:30,ATA,TU 32AIMF,0,ONTIME,0:50:00
train_id_1136,4/20/2016,34,20,45,4/20/2016 9:50,4/20/2016 12:35,ATA,TU 736IOK,10,Common,2:45:00
train_id_1144,4/20/2016,34,20,31,4/20/2016 17:50,4/20/2016 20:15,ATA,TU 320IMT,0,ONTIME,2:25:00
train_id_1145,4/20/2016,34,32,37,4/20/2016 18:20,4/20/2016 20:40,ATA,TU 32AIML,3,Common,2:20:00
train_id_1152,4/21/2016,34,20,44,4/21/2016 10:50,4/21/2016 13:20,ATA,TU 736IOQ,17,Common,2:30:00
train_id_1157,4/21/2016,34,63,44,4/21/2016 11:35,4/21/2016 12:20,ATA,TU 32AIMF,6,Common,0:45:00
train_id_1159,4/21/2016,34,32,37,4/21/2016 12:25,4/21/2016 14:45,ATA,TU 32AIMI,0,ONTIME,2:20:00
train_id_1162,4/21/2016,34,32,17,4/21/2016 13:50,4/21/2016 15:30,ATA,TU 32AIMP,18,Common,1:40:00
train_id_1164,4/21/2016,34,61,45,4/21/2016 14:10,4/21/2016 14:50,ATA,TU 736IOQ,8,Common,0:40:00
train_id_1168,4/21/2016,34,32,37,4/21/2016 13:55,4/21/2016 16:20,ATA,TU 320IMS,33,Medium,2:25:00
train_id_1171,4/21/2016,34,32,37,4/21/2016 18:20,4/21/2016 20:40,ATA,TU 32AIMD,4,Common,2:20:00
train_id_1185,4/23/2016,34,32,37,4/23/2016 6:50,4/23/2016 9:10,ATA,TU 320IMR,0,ONTIME,2:20:00
train_id_1190,4/23/2016,34,32,37,4/23/2016 9:20,4/23/2016 11:40,ATA,TU 320IMW,0,ONTIME,2:20:00
train_id_1196,4/23/2016,34,32,37,4/23/2016 14:30,4/23/2016 16:50,ATA,TU 320IMV,8,Common,2:20:00
train_id_1200,4/23/2016,34,32,37,4/23/2016 18:20,4/23/2016 20:40,ATA,TU 320IMU,7,Common,2:20:00
train_id_1212,4/24/2016,34,27,31,4/24/2016 8:50,4/24/2016 10:25,ATA,TU 32AIMC,0,ONTIME,1:35:00
train_id_1213,4/24/2016,34,32,37,4/24/2016 9:20,4/24/2016 11:40,ATA,TU 320IMR,0,ONTIME,2:20:00
train_id_1214,4/24/2016,34,63,37,4/24/2016 12:30,4/24/2016 15:10,ATA,TU 31AIMK,0,ONTIME,2:40:00
train_id_1215,4/24/2016,34,63,17,4/24/2016 12:25,4/24/2016 14:25,ATA,TU 32AIMF,0,ONTIME,2:00:00
train_id_1216,4/24/2016,34,20,31,4/24/2016 12:40,4/24/2016 15:05,ATA,TU 320IMR,8,Common,2:25:00
train_id_1218,1/3/2016,34,20,44,1/3/2016 11:30,1/3/2016 14:00,ATA,TU 31AIMK,29,Common,2:30:00
train_id_1226,1/17/2016,34,32,17,1/17/2016 7:55,1/17/2016 9:30,ATA,TU 320IMS,12,Common,1:35:00
train_id_1231,1/26/2016,34,32,37,1/26/2016 7:35,1/26/2016 9:55,ATA,TU 320IMV,0,ONTIME,2:20:00
train_id_1232,1/26/2016,34,32,37,1/26/2016 18:30,1/26/2016 20:50,ATA,TU 320IMV,0,ONTIME,2:20:00
train_id_1237,1/31/2016,34,61,37,1/31/2016 8:10,1/31/2016 10:35,ATA,TU 31AIMK,130,Severe,2:25:00
train_id_1238,1/31/2016,34,32,37,1/31/2016 10:05,1/31/2016 12:25,ATA,TU 32AIMC,40,Medium,2:20:00
train_id_1239,1/31/2016,34,20,31,1/31/2016 15:20,1/31/2016 17:45,ATA,TU 32AIMP,39,Medium,2:25:00
train_id_1241,2/4/2016,34,32,37,2/4/2016 11:35,2/4/2016 13:55,ATA,TU 320IMU,6,Common,2:20:00
train_id_1245,2/10/2016,34,20,45,2/10/2016 9:50,2/10/2016 12:35,ATA,TU 31AIMJ,12,Common,2:45:00
train_id_1258,2/19/2016,34,32,45,2/19/2016 21:35,2/19/2016 22:30,ATA,TU 32AIMF,0,ONTIME,0:55:00
train_id_1261,2/24/2016,34,20,31,2/24/2016 14:55,2/24/2016 17:20,ATA,TU 320IMR,30,Medium,2:25:00
train_id_1262,2/26/2016,34,32,45,2/26/2016 21:35,2/26/2016 22:30,ATA,TU 32AIMN,0,ONTIME,0:55:00
train_id_1265,3/5/2016,34,32,37,3/5/2016 12:20,3/5/2016 14:40,ATA,TU 32AIMG,15,Common,2:20:00
train_id_1270,5/30/2016,34,32,17,5/30/2016 11:25,5/30/2016 13:00,ATA,TU 32AIMM,22,Common,1:35:00
train_id_1272,6/3/2016,34,32,37,6/3/2016 6:50,6/3/2016 9:10,ATA,TU 32AIMF,6,Common,2:20:00
train_id_1274,6/4/2016,34,20,45,6/4/2016 9:50,6/4/2016 12:35,ATA,TU 31AIMK,9,Common,2:45:00
train_id_1280,6/24/2016,34,32,17,6/24/2016 11:25,6/24/2016 13:00,ATA,TU 32AIMN,33,Medium,1:35:00
train_id_1284,6/24/2016,34,32,37,6/24/2016 12:25,6/24/2016 14:45,ATA,TU 32AIMD,0,ONTIME,2:20:00
train_id_1285,6/24/2016,34,61,37,6/24/2016 12:35,6/24/2016 15:05,ATA,TU 736ION,0,ONTIME,2:30:00
train_id_1296,7/1/2016,34,63,37,7/1/2016 13:30,7/1/2016 16:10,ATA,TU 31AIMJ,12,Common,2:40:00
train_id_1298,7/2/2016,34,32,45,7/2/2016 3:15,7/2/2016 4:00,ATA,TU 32AIML,0,ONTIME,0:45:00
train_id_1302,7/14/2016,34,61,45,7/14/2016 11:55,7/14/2016 12:35,ATA,TU 31AIMK,0,ONTIME,0:40:00
train_id_1304,7/20/2016,34,27,31,7/20/2016 8:50,7/20/2016 10:25,ATA,TU 32AIMI,7,Common,1:35:00
train_id_1308,7/24/2016,34,20,31,7/24/2016 12:40,7/24/2016 15:05,ATA,TU 32AIMD,5,Common,2:25:00
train_id_1315,7/30/2016,34,20,44,7/30/2016 14:35,7/30/2016 17:10,ATA,TU 736IOM,45,Medium,2:35:00
train_id_1319,8/4/2016,34,27,31,8/4/2016 13:50,8/4/2016 15:25,ATA,TU 736IOR,22,Common,1:35:00
train_id_1326,8/7/2016,34,32,37,8/7/2016 11:50,8/7/2016 14:15,ATA,TU 332IFM,33,Medium,2:25:00
train_id_1330,8/9/2016,34,20,31,8/9/2016 17:50,8/9/2016 20:20,ATA,TU 320IMW,0,ONTIME,2:30:00
train_id_1338,8/12/2016,34,32,37,8/12/2016 6:50,8/12/2016 9:10,ATA,TU 332IFM,47,Medium,2:20:00
train_id_1343,8/14/2016,34,27,31,8/14/2016 19:00,8/14/2016 20:35,ATA,TU 332IFM,104,Severe,1:35:00
train_id_1346,8/20/2016,34,63,44,8/20/2016 4:35,8/20/2016 5:15,ATA,TU 32AIMG,0,ONTIME,0:40:00
train_id_1351,8/20/2016,34,20,31,8/20/2016 6:00,8/20/2016 8:25,ATA,TU 320IMS,0,ONTIME,2:25:00
train_id_1360,8/20/2016,34,32,37,8/20/2016 9:20,8/20/2016 11:40,ATA,TU 320IMS,52,Medium,2:20:00
train_id_1365,1/14/2016,34,20,45,1/14/2016 10:35,1/14/2016 13:20,ATA,TU 736IOQ,43,Medium,2:45:00
train_id_1367,1/14/2016,34,27,31,1/14/2016 10:45,1/14/2016 12:20,ATA,TU 320IMV,43,Medium,1:35:00
train_id_1368,1/14/2016,34,32,37,1/14/2016 11:35,1/14/2016 13:55,ATA,TU 32AIMF,0,ONTIME,2:20:00
train_id_1373,1/17/2016,34,20,31,1/17/2016 11:25,1/17/2016 13:50,ATA,TU 332IFN,10,Common,2:25:00
train_id_1379,1/30/2016,34,32,17,1/30/2016 8:25,1/30/2016 10:00,ATA,TU 31AIMK,123,Severe,1:35:00
train_id_1384,2/3/2016,34,20,31,2/3/2016 10:55,2/3/2016 13:15,ATA,TU 32AIMD,29,Common,2:20:00
train_id_1386,2/5/2016,34,32,37,2/5/2016 7:35,2/5/2016 9:50,ATA,TU 320IMS,8,Common,2:15:00
train_id_1387,2/8/2016,34,27,31,2/8/2016 15:50,2/8/2016 17:25,ATA,TU 736IOQ,60,Severe,1:35:00
train_id_1390,2/18/2016,34,32,37,2/18/2016 11:35,2/18/2016 13:55,ATA,TU 32AIMI,24,Common,2:20:00
train_id_1394,2/22/2016,34,20,45,2/22/2016 10:10,2/22/2016 12:55,ATA,TU 31AIMK,12,Common,2:45:00
train_id_1397,3/1/2016,34,20,31,3/1/2016 14:55,3/1/2016 17:20,ATA,TU 32AIMI,0,ONTIME,2:25:00
train_id_1400,3/27/2016,34,20,44,3/27/2016 8:25,3/27/2016 10:55,ATA,TU 31AIMJ,20,Common,2:30:00
train_id_1402,5/31/2016,34,32,37,5/31/2016 6:50,5/31/2016 9:10,ATA,TU 32AIML,0,ONTIME,2:20:00
train_id_1411,6/3/2016,34,27,31,6/3/2016 13:50,6/3/2016 15:25,ATA,TU 320IMS,23,Common,1:35:00
train_id_1421,6/10/2016,34,63,44,6/10/2016 13:30,6/10/2016 14:10,ATA,TU 31AIMJ,0,ONTIME,0:40:00
train_id_1423,6/10/2016,34,27,31,6/10/2016 13:50,6/10/2016 15:25,ATA,TU 320IMR,0,ONTIME,1:35:00
train_id_1429,6/16/2016,34,32,44,6/16/2016 9:50,6/16/2016 10:25,ATA,TU 736IOK,10,Common,0:35:00
train_id_1430,6/16/2016,34,20,45,6/16/2016 9:50,6/16/2016 12:35,ATA,TU 31AIMK,0,ONTIME,2:45:00
train_id_1436,7/15/2016,34,32,37,7/15/2016 6:50,7/15/2016 9:10,ATA,TU 332IFM,45,Medium,2:20:00
train_id_1437,7/16/2016,34,63,37,7/16/2016 6:05,7/16/2016 8:50,ATA,TU 31AIMK,0,ONTIME,2:45:00
train_id_1439,7/24/2016,34,20,45,7/24/2016 16:05,7/24/2016 18:50,ATA,TU 32AIMF,30,Medium,2:45:00
train_id_1453,8/9/2016,34,32,17,8/9/2016 13:55,8/9/2016 15:30,ATA,TU 32AIMF,27,Common,1:35:00
train_id_1459,8/16/2016,34,32,45,8/16/2016 12:10,8/16/2016 13:05,ATA,TU 736IOM,0,ONTIME,0:55:00
train_id_1464,8/26/2016,34,32,37,8/26/2016 9:20,8/26/2016 11:40,ATA,TU 32AIMG,19,Common,2:20:00
train_id_1467,8/26/2016,34,20,45,8/26/2016 9:50,8/26/2016 12:35,ATA,TU 31AIMK,18,Common,2:45:00
train_id_1475,8/29/2016,34,20,45,8/29/2016 9:50,8/29/2016 12:35,ATA,TU 31AIMK,15,Common,2:45:00
train_id_1481,8/31/2016,34,63,37,8/31/2016 6:05,8/31/2016 8:50,ATA,TU 31AIMK,275,Severe,2:45:00
train_id_1485,8/30/2016,34,20,31,8/30/2016 15:45,8/30/2016 18:10,ATA,TU 320IMU,20,Common,2:25:00
train_id_1496,8/30/2016,34,27,44,8/30/2016 21:25,8/30/2016 23:05,ATA,TU 320IMS,58,Medium,1:40:00
train_id_1499,8/30/2016,34,32,44,8/30/2016 22:15,8/30/2016 22:55,ATA,TU 332IFM,0,ONTIME,0:40:00
train_id_1505,8/31/2016,34,32,17,8/31/2016 1:30,8/31/2016 3:05,ATA,TU 32AIML,40,Medium,1:35:00
train_id_1507,8/31/2016,34,61,17,8/31/2016 2:00,8/31/2016 3:50,ATA,TU 736IOM,1245,Severe,1:50:00
train_id_1508,8/31/2016,34,27,31,8/31/2016 17:00,8/31/2016 18:30,ATA,TU 736IOM,0,ONTIME,1:30:00
train_id_1511,8/31/2016,34,32,44,8/31/2016 12:30,8/31/2016 13:00,ATA,TU 736IOM,68,Severe,0:30:00
train_id_1513,8/31/2016,34,27,31,8/31/2016 3:55,8/31/2016 5:30,ATA,TU 32AIML,4,Common,1:35:00
train_id_1515,8/31/2016,34,61,45,8/31/2016 7:25,8/31/2016 8:05,ATA,TU 31AIMK,0,ONTIME,0:40:00
train_id_1523,8/31/2016,34,63,37,8/31/2016 5:30,8/31/2016 8:15,ATA,TU 736IOP,15,Common,2:45:00
train_id_1525,8/31/2016,34,20,31,8/31/2016 6:00,8/31/2016 8:25,ATA,TU 32AIMF,16,Common,2:25:00
train_id_1526,8/31/2016,34,32,17,8/31/2016 6:25,8/31/2016 8:00,ATA,TU 320IMV,66,Severe,1:35:00
train_id_1531,4/24/2016,34,20,45,4/24/2016 16:05,4/24/2016 18:50,ATA,TU 31AIMK,0,ONTIME,2:45:00
train_id_1543,4/25/2016,34,32,37,4/25/2016 6:50,4/25/2016 9:10,ATA,TU 320IMW,0,ONTIME,2:20:00
train_id_1546,4/25/2016,34,20,45,4/25/2016 9:50,4/25/2016 12:35,ATA,TU 31AIMK,14,Common,2:45:00
train_id_1548,4/25/2016,34,32,37,4/25/2016 12:25,4/25/2016 14:45,ATA,TU 320IMU,15,Common,2:20:00
train_id_1550,4/25/2016,34,32,17,4/25/2016 11:25,4/25/2016 13:00,ATA,TU 32AIMC,11,Common,1:35:00
train_id_1551,4/25/2016,34,63,31,4/25/2016 12:00,4/25/2016 12:50,ATA,TU 736IOK,0,ONTIME,0:50:00
train_id_1555,4/25/2016,34,20,31,4/25/2016 17:50,4/25/2016 20:15,ATA,TU 320IMT,6,Common,2:25:00
train_id_1557,4/26/2016,34,63,31,4/26/2016 4:30,4/26/2016 5:20,ATA,TU 736IOK,0,ONTIME,0:50:00
train_id_1559,4/26/2016,34,32,37,4/26/2016 6:50,4/26/2016 9:10,ATA,TU 32AIMI,0,ONTIME,2:20:00
train_id_1566,4/26/2016,34,27,31,4/26/2016 8:50,4/26/2016 10:25,ATA,TU 32AIMN,7,Common,1:35:00
train_id_1575,4/26/2016,34,61,45,4/26/2016 14:40,4/26/2016 15:25,ATA,TU 32AIMF,0,ONTIME,0:45:00
train_id_1576,4/26/2016,34,32,37,4/26/2016 13:55,4/26/2016 16:20,ATA,TU 32AIMI,15,Common,2:25:00
train_id_1580,4/26/2016,34,27,31,4/26/2016 16:35,4/26/2016 18:10,ATA,TU 31BIMQ,120,Severe,1:35:00
train_id_1583,4/26/2016,34,20,31,4/26/2016 17:50,4/26/2016 20:20,ATA,TU 32AIMI,0,ONTIME,2:30:00
train_id_1585,4/26/2016,34,32,37,4/26/2016 18:20,4/26/2016 20:40,ATA,TU 32AIMC,16,Common,2:20:00
train_id_1588,4/26/2016,34,32,45,4/26/2016 21:35,4/26/2016 22:25,ATA,TU 320IMS,0,ONTIME,0:50:00
train_id_1599,4/27/2016,34,20,31,4/27/2016 17:50,4/27/2016 20:15,ATA,TU 31BIMQ,0,ONTIME,2:25:00
train_id_1606,4/28/2016,34,63,37,4/28/2016 6:05,4/28/2016 8:50,ATA,TU 31AIMK,30,Medium,2:45:00
train_id_1609,4/28/2016,34,20,31,4/28/2016 6:00,4/28/2016 8:25,ATA,TU 320IMW,56,Medium,2:25:00
train_id_1612,4/28/2016,34,20,31,4/28/2016 10:15,4/28/2016 12:40,ATA,TU 320IMT,55,Medium,2:25:00
train_id_1615,4/28/2016,34,61,37,4/28/2016 11:00,4/28/2016 13:30,ATA,TU 736IOQ,8,Common,2:30:00
train_id_1618,4/28/2016,34,63,44,4/28/2016 11:35,4/28/2016 12:20,ATA,TU 32AIMF,0,ONTIME,0:45:00
train_id_1619,4/28/2016,34,63,17,4/28/2016 11:45,4/28/2016 13:45,ATA,TU 736IOK,0,ONTIME,2:00:00
train_id_1626,4/28/2016,34,27,31,4/28/2016 16:35,4/28/2016 18:10,ATA,TU 32AIMP,0,ONTIME,1:35:00
train_id_1629,4/29/2016,34,32,17,4/29/2016 6:25,4/29/2016 8:00,ATA,TU 32AIML,13,Common,1:35:00
train_id_1632,4/29/2016,34,20,44,4/29/2016 14:20,4/29/2016 16:55,ATA,TU 31AIMJ,15,Common,2:35:00
train_id_1642,4/29/2016,34,20,45,4/29/2016 17:10,4/29/2016 19:55,ATA,TU 32AIMF,20,Common,2:45:00
train_id_1646,4/29/2016,34,20,31,4/29/2016 17:50,4/29/2016 20:20,ATA,TU 320IMS,10,Common,2:30:00
train_id_1647,4/29/2016,34,32,37,4/29/2016 18:20,4/29/2016 20:40,ATA,TU 32AIML,5,Common,2:20:00
train_id_1660,4/30/2016,34,27,31,4/30/2016 8:50,4/30/2016 10:25,ATA,TU 32AIMC,20,Common,1:35:00
train_id_1663,4/30/2016,34,32,37,4/30/2016 9:20,4/30/2016 11:40,ATA,TU 32AIML,10,Common,2:20:00
train_id_1666,4/30/2016,34,20,45,4/30/2016 9:50,4/30/2016 12:35,ATA,TU 31AIMK,0,ONTIME,2:45:00
train_id_1670,4/30/2016,34,63,37,4/30/2016 13:30,4/30/2016 16:10,ATA,TU 31AIMK,11,Common,2:40:00
train_id_1674,4/30/2016,34,20,31,4/30/2016 14:55,4/30/2016 17:20,ATA,TU 332IFM,8,Common,2:25:00
train_id_1680,4/30/2016,34,61,17,4/30/2016 17:00,4/30/2016 18:45,ATA,TU 31AIMJ,12,Common,1:45:00
train_id_1681,4/30/2016,34,20,45,4/30/2016 17:10,4/30/2016 19:55,ATA,TU 31AIMK,8,Common,2:45:00
train_id_1683,4/30/2016,34,32,37,4/30/2016 18:20,4/30/2016 20:40,ATA,TU 32AIML,5,Common,2:20:00
train_id_1684,4/30/2016,34,20,31,4/30/2016 17:50,4/30/2016 20:15,ATA,TU 320IMW,50,Medium,2:25:00
train_id_1686,4/30/2016,34,32,45,4/30/2016 20:00,4/30/2016 20:55,ATA,TU 736IOQ,0,ONTIME,0:55:00
train_id_1692,1/3/2016,34,20,31,1/3/2016 16:05,1/3/2016 18:30,ATA,TU 332IFN,30,Medium,2:25:00
train_id_1699,1/6/2016,34,20,31,1/6/2016 14:55,1/6/2016 17:20,ATA,TU 32AIMI,312,Severe,2:25:00
train_id_1702,1/9/2016,34,32,17,1/9/2016 7:55,1/9/2016 9:30,ATA,TU 320IMR,18,Common,1:35:00
train_id_1705,1/10/2016,34,20,44,1/10/2016 11:30,1/10/2016 14:00,ATA,TU 31AIMK,33,Medium,2:30:00
train_id_1707,1/10/2016,34,32,37,1/10/2016 15:10,1/10/2016 17:30,ATA,TU 320IMS,21,Common,2:20:00
train_id_1708,1/11/2016,34,32,37,1/11/2016 11:35,1/11/2016 13:55,ATA,TU 32AIMH,13,Common,2:20:00
train_id_1713,2/6/2016,34,61,45,2/6/2016 12:30,2/6/2016 13:10,ATA,TU 320IMS,152,Severe,0:40:00
train_id_1716,2/13/2016,34,27,31,2/13/2016 15:50,2/13/2016 17:25,ATA,TU 736IOP,24,Common,1:35:00
train_id_1721,2/13/2016,34,20,31,2/13/2016 15:40,2/13/2016 18:05,ATA,TU 32AIMN,14,Common,2:25:00
train_id_1724,2/14/2016,34,20,44,2/14/2016 11:30,2/14/2016 14:00,ATA,TU 31AIMK,19,Common,2:30:00
train_id_1730,2/21/2016,34,63,37,2/21/2016 13:35,2/21/2016 16:15,ATA,TU 32AIMF,9,Common,2:40:00
train_id_1739,4/5/2016,34,61,45,4/5/2016 22:10,4/5/2016 22:55,ATA,TU 736IOR,15,Common,0:45:00
train_id_1743,4/8/2016,34,63,44,4/8/2016 13:20,4/8/2016 14:00,ATA,TU 31AIMK,45,Medium,0:40:00
train_id_1747,4/28/2016,34,61,17,4/28/2016 17:15,4/28/2016 19:00,ATA,TU 736IOQ,30,Medium,1:45:00
train_id_1752,5/30/2016,34,32,37,5/30/2016 18:20,5/30/2016 20:40,ATA,TU 32AIMM,9,Common,2:20:00
train_id_1758,6/18/2016,34,20,31,6/18/2016 12:40,6/18/2016 15:05,ATA,TU 32AIMN,32,Medium,2:25:00
train_id_1762,6/24/2016,34,63,37,6/24/2016 6:05,6/24/2016 8:50,ATA,TU 31AIMK,0,ONTIME,2:45:00
train_id_1772,7/2/2016,34,20,31,7/2/2016 6:00,7/2/2016 8:25,ATA,TU 320IMR,0,ONTIME,2:25:00
train_id_1773,7/2/2016,34,63,37,7/2/2016 6:05,7/2/2016 8:50,ATA,TU 31AIMJ,0,ONTIME,2:45:00
train_id_1776,7/10/2016,34,20,31,7/10/2016 10:15,7/10/2016 12:40,ATA,TU 332IFN,55,Medium,2:25:00
train_id_1780,7/11/2016,34,63,31,7/11/2016 20:15,7/11/2016 21:05,ATA,TU 736IOM,0,ONTIME,0:50:00
train_id_1783,7/16/2016,34,20,31,7/16/2016 6:00,7/16/2016 8:25,ATA,TU 320IMV,0,ONTIME,2:25:00
train_id_1784,7/18/2016,34,32,37,7/18/2016 14:30,7/18/2016 16:50,ATA,TU 332IFM,24,Common,2:20:00
train_id_1791,8/1/2016,34,20,45,8/1/2016 9:50,8/1/2016 12:35,ATA,TU 31AIMK,60,Severe,2:45:00
train_id_1792,8/4/2016,34,32,37,8/4/2016 9:20,8/4/2016 11:40,ATA,TU 32AIMD,13,Common,2:20:00
train_id_1796,8/6/2016,34,32,37,8/6/2016 18:20,8/6/2016 20:40,ATA,TU 32AIMD,43,Medium,2:20:00
train_id_1797,8/13/2016,34,20,45,8/13/2016 18:20,8/13/2016 21:05,ATA,TU 32AIMI,102,Severe,2:45:00
train_id_1798,8/13/2016,34,63,31,8/13/2016 22:15,8/13/2016 23:00,ATA,TU 32AIMI,0,ONTIME,0:45:00
train_id_1800,8/20/2016,34,20,31,8/20/2016 18:30,8/20/2016 21:00,ATA,5M 343SUN,132,Severe,2:30:00
train_id_1807,8/20/2016,34,61,37,8/20/2016 11:15,8/20/2016 13:45,ATA,TU 736ION,0,ONTIME,2:30:00
train_id_1810,8/20/2016,34,32,37,8/20/2016 10:50,8/20/2016 13:15,ATA,TU 332IFN,507,Severe,2:25:00
train_id_1811,8/20/2016,34,20,31,8/20/2016 14:55,8/20/2016 17:20,ATA,TU 332IFN,420,Severe,2:25:00
train_id_1814,8/20/2016,34,32,17,8/20/2016 16:15,8/20/2016 17:50,ATA,TU 320IMS,63,Severe,1:35:00
train_id_1819,8/20/2016,34,20,44,8/20/2016 14:35,8/20/2016 17:10,ATA,TU 736ION,15,Common,2:35:00
train_id_1823,8/20/2016,34,63,37,8/20/2016 14:50,8/20/2016 17:35,ATA,TU 32AIMG,20,Common,2:45:00
train_id_1827,8/21/2016,34,20,45,8/21/2016 17:55,8/21/2016 20:40,ATA,TU 32AIMI,145,Severe,2:45:00
train_id_1828,8/21/2016,34,63,31,8/21/2016 22:55,8/21/2016 23:50,ATA,TU 320IMS,0,ONTIME,0:55:00
train_id_1829,8/21/2016,34,20,31,8/21/2016 12:40,8/21/2016 15:05,ATA,TU 320IMR,20,Common,2:25:00
train_id_1837,8/21/2016,34,27,31,8/21/2016 13:50,8/21/2016 15:25,ATA,TU 320IMV,3,Common,1:35:00
train_id_1842,8/21/2016,34,20,31,8/21/2016 14:55,8/21/2016 17:20,ATA,TU 332IFM,5,Common,2:25:00
train_id_1843,8/21/2016,34,27,31,8/21/2016 18:40,8/21/2016 20:15,ATA,TU 320IMV,87,Severe,1:35:00
train_id_1847,8/21/2016,34,63,31,8/21/2016 18:15,8/21/2016 19:10,ATA,TU 736IOR,0,ONTIME,0:55:00
train_id_1850,8/21/2016,34,32,37,8/21/2016 18:20,8/21/2016 20:40,ATA,TU 32AIMF,39,Medium,2:20:00
train_id_1860,5/30/2016,34,63,37,5/30/2016 6:05,5/30/2016 8:50,ATA,TU 31AIMK,0,ONTIME,2:45:00
train_id_1861,5/30/2016,34,32,17,5/30/2016 6:25,5/30/2016 8:00,ATA,TU 32AIMM,7,Common,1:35:00
train_id_1863,5/30/2016,34,20,31,5/30/2016 10:15,5/30/2016 12:40,ATA,TU 32AIML,30,Medium,2:25:00
train_id_1867,5/30/2016,34,61,37,5/30/2016 11:00,5/30/2016 13:30,ATA,TU 736IOL,8,Common,2:30:00
train_id_1872,5/30/2016,34,32,37,5/30/2016 12:25,5/30/2016 14:45,ATA,TU 32AIMI,27,Common,2:20:00
train_id_1873,5/30/2016,34,20,31,5/30/2016 15:45,5/30/2016 18:10,ATA,TU 32AIMI,22,Common,2:25:00
train_id_1875,5/31/2016,34,32,37,5/31/2016 13:55,5/31/2016 16:20,ATA,TU 32AIML,29,Common,2:25:00
train_id_1877,5/31/2016,34,20,31,5/31/2016 15:45,5/31/2016 18:10,ATA,TU 320IMU,0,ONTIME,2:25:00
train_id_1879,5/31/2016,34,27,31,5/31/2016 16:35,5/31/2016 18:10,ATA,TU 32AIMM,0,ONTIME,1:35:00
train_id_1886,6/1/2016,34,20,31,6/1/2016 6:00,6/1/2016 8:25,ATA,TU 32AIMF,0,ONTIME,2:25:00
train_id_1893,6/1/2016,34,32,17,6/1/2016 11:25,6/1/2016 13:00,ATA,TU 32AIMF,18,Common,1:35:00
train_id_1899,6/2/2016,34,20,45,6/2/2016 9:50,6/2/2016 12:35,ATA,TU 31AIMK,20,Common,2:45:00
train_id_1900,6/2/2016,34,32,44,6/2/2016 9:50,6/2/2016 10:25,ATA,TU 32AIMM,0,ONTIME,0:35:00
train_id_1910,6/2/2016,34,27,31,6/2/2016 16:35,6/2/2016 18:10,ATA,TU 320IMW,0,ONTIME,1:35:00
train_id_1914,6/2/2016,34,20,31,6/2/2016 17:50,6/2/2016 20:20,ATA,TU 332IFM,16,Common,2:30:00
train_id_1915,6/2/2016,34,32,37,6/2/2016 18:20,6/2/2016 20:40,ATA,TU 32AIMD,5,Common,2:20:00
train_id_1926,6/3/2016,34,27,31,6/3/2016 8:50,6/3/2016 10:25,ATA,TU 320IMS,7,Common,1:35:00
train_id_1935,6/3/2016,42,61,31,6/3/2016 12:00,6/3/2016 12:35,ATA,TU 31AIMJ,0,ONTIME,0:35:00
train_id_1944,6/3/2016,42,32,44,6/3/2016 16:50,6/3/2016 17:25,ATA,TU 31AIMJ,4,Common,0:35:00
train_id_1949,6/3/2016,42,32,45,6/3/2016 19:30,6/3/2016 20:30,ATA,TU 736IOL,14,Common,1:00:00
train_id_1950,6/3/2016,34,61,45,6/3/2016 21:25,6/3/2016 22:05,ATA,TU 31AIMK,0,ONTIME,0:40:00
train_id_1957,6/4/2016,34,32,37,6/4/2016 9:20,6/4/2016 11:40,ATA,TU 32AIMI,0,ONTIME,2:20:00
train_id_1958,6/4/2016,34,61,37,6/4/2016 11:15,6/4/2016 13:45,ATA,TU 736IOL,0,ONTIME,2:30:00
train_id_1962,6/4/2016,34,32,37,6/4/2016 14:30,6/4/2016 16:50,ATA,TU 320IMV,6,Common,2:20:00
train_id_1965,6/4/2016,34,20,31,6/4/2016 17:50,6/4/2016 20:15,ATA,TU 320IMV,0,ONTIME,2:25:00
train_id_1966,6/4/2016,34,32,37,6/4/2016 18:20,6/4/2016 20:40,ATA,TU 32AIMI,0,ONTIME,2:20:00
train_id_1967,6/5/2016,34,20,31,6/5/2016 6:00,6/5/2016 8:25,ATA,TU 32AIMI,0,ONTIME,2:25:00
train_id_1969,6/5/2016,34,32,17,6/5/2016 6:25,6/5/2016 8:00,ATA,TU 320IMT,0,ONTIME,1:35:00
train_id_1970,6/5/2016,34,32,37,6/5/2016 6:50,6/5/2016 9:10,ATA,TU 320IMU,0,ONTIME,2:20:00
train_id_1981,6/5/2016,34,20,44,6/5/2016 8:25,6/5/2016 10:55,ATA,TU 31AIMJ,4,Common,2:30:00
train_id_1986,6/5/2016,34,32,37,6/5/2016 14:30,6/5/2016 16:50,ATA,TU 32AIMI,0,ONTIME,2:20:00
train_id_1990,6/5/2016,34,32,37,6/5/2016 18:20,6/5/2016 20:40,ATA,TU 32AIMP,23,Common,2:20:00
train_id_1991,6/5/2016,34,63,44,6/5/2016 20:45,6/5/2016 21:30,ATA,TU 736IOK,0,ONTIME,0:45:00
train_id_1992,6/6/2016,34,63,37,6/6/2016 6:05,6/6/2016 8:50,ATA,TU 31AIMK,20,Common,2:45:00
train_id_1994,6/6/2016,34,20,31,6/6/2016 6:00,6/6/2016 8:25,ATA,TU 32AIMP,36,Medium,2:25:00
train_id_1997,6/6/2016,34,32,37,6/6/2016 6:50,6/6/2016 9:10,ATA,TU 32AIMG,23,Common,2:20:00
